t_s,timestamp,lidar_m,obs,ch3,status
0.0,2026-02-03T16:30:36.277743+00:00,0.0500,907,1000,ARMING(19.0s) | CRUISE_DIRECTION_MODE
0.5,2026-02-03T16:30:36.777748+00:00,0.0500,912,1000,ARMING(19.0s) | CRUISE_DIRECTION_MODE
1.0,2026-02-03T16:30:37.277748+00:00,0.0500,917,1000,ARMING(18.0s) | CRUISE_DIRECTION_MODE
1.5,2026-02-03T16:30:37.777827+00:00,0.0500,922,1000,ARMING(18.0s) | CRUISE_DIRECTION_MODE
2.0,2026-02-03T16:30:38.277751+00:00,0.0500,927,1000,ARMING(17.0s) | CRUISE_DIRECTION_MODE
2.5,2026-02-03T16:30:38.777751+00:00,0.0500,932,1000,ARMING(17.0s) | CRUISE_DIRECTION_MODE
3.0,2026-02-03T16:30:39.277764+00:00,0.0500,937,1000,ARMING(16.0s) | CRUISE_DIRECTION_MODE
3.5,2026-02-03T16:30:39.777749+00:00,0.0500,942,1000,ARMING(16.0s) | CRUISE_DIRECTION_MODE
4.0,2026-02-03T16:30:40.277759+00:00,0.0500,947,1000,ARMING(15.0s) | CRUISE_DIRECTION_MODE
4.5,2026-02-03T16:30:40.777803+00:00,0.0500,952,1000,ARMING(15.0s) | CRUISE_DIRECTION_MODE
5.0,2026-02-03T16:30:41.277820+00:00,0.0500,957,1000,ARMING(14.0s) | CRUISE_DIRECTION_MODE
5.5,2026-02-03T16:30:41.777762+00:00,0.0500,962,1000,ARMING(14.0s) | CRUISE_DIRECTION_MODE
6.0,2026-02-03T16:30:42.277769+00:00,0.0500,967,1000,ARMING(13.0s) | CRUISE_DIRECTION_MODE
6.5,2026-02-03T16:30:42.777828+00:00,0.0500,972,1000,ARMING(13.0s) | CRUISE_DIRECTION_MODE
7.0,2026-02-03T16:30:43.277788+00:00,0.0500,977,1000,ARMING(12.0s) | CRUISE_DIRECTION_MODE
7.5,2026-02-03T16:30:43.777833+00:00,0.0500,982,1000,ARMING(12.0s) | CRUISE_DIRECTION_MODE
8.0,2026-02-03T16:30:44.277748+00:00,0.0500,987,1000,ARMING(11.0s) | CRUISE_DIRECTION_MODE
8.5,2026-02-03T16:30:44.777786+00:00,0.0500,992,1000,ARMING(11.0s) | CRUISE_DIRECTION_MODE
9.0,2026-02-03T16:30:45.277764+00:00,0.0500,997,1000,ARMING(10.0s) | CRUISE_DIRECTION_MODE
9.5,2026-02-03T16:30:45.777767+00:00,0.0500,1002,1000,ARMING(10.0s) | CRUISE_DIRECTION_MODE
10.0,2026-02-03T16:30:46.277763+00:00,0.0500,1007,1000,ARMING(9.0s) | CRUISE_DIRECTION_MODE
10.5,2026-02-03T16:30:46.777802+00:00,0.0500,1012,1000,ARMING(9.0s) | CRUISE_DIRECTION_MODE
11.0,2026-02-03T16:30:47.277761+00:00,0.0500,1017,1000,ARMING(8.0s) | CRUISE_DIRECTION_MODE
11.5,2026-02-03T16:30:47.777745+00:00,0.0500,1022,1000,ARMING(8.0s) | CRUISE_DIRECTION_MODE
12.0,2026-02-03T16:30:48.277761+00:00,0.0500,1027,1000,ARMING(7.0s) | CRUISE_DIRECTION_MODE
12.5,2026-02-03T16:30:48.777773+00:00,0.0500,1032,1000,ARMING(7.0s) | CRUISE_DIRECTION_MODE
13.0,2026-02-03T16:30:49.277754+00:00,0.0500,1037,1000,ARMING(6.0s) | CRUISE_DIRECTION_MODE
13.5,2026-02-03T16:30:49.777828+00:00,0.0500,1042,1000,ARMING(6.0s) | CRUISE_DIRECTION_MODE
14.0,2026-02-03T16:30:50.277765+00:00,0.0500,1047,1000,ARMING(5.0s) | CRUISE_DIRECTION_MODE
14.5,2026-02-03T16:30:50.777754+00:00,0.0500,1052,1000,ARMING(5.0s) | CRUISE_DIRECTION_MODE
15.0,2026-02-03T16:30:51.277748+00:00,0.0500,1057,1000,ARMING(4.0s) | CRUISE_DIRECTION_MODE
15.5,2026-02-03T16:30:51.777761+00:00,0.0500,1062,1000,ARMING(4.0s) | CRUISE_DIRECTION_MODE
16.0,2026-02-03T16:30:52.277761+00:00,0.0500,1067,1000,ARMING(3.0s) | CRUISE_DIRECTION_MODE
16.5,2026-02-03T16:30:52.777790+00:00,0.0500,1072,1000,ARMING(3.0s) | CRUISE_DIRECTION_MODE
17.0,2026-02-03T16:30:53.277754+00:00,0.0500,1077,1000,ARMING(2.0s) | CRUISE_DIRECTION_MODE
17.5,2026-02-03T16:30:53.777755+00:00,0.0500,1082,1000,ARMING(2.0s) | CRUISE_DIRECTION_MODE
18.0,2026-02-03T16:30:54.277756+00:00,0.0500,1087,1000,ARMING(1.0s) | CRUISE_DIRECTION_MODE
18.5,2026-02-03T16:30:54.777751+00:00,0.0500,1092,1000,ARMING(1.0s) | CRUISE_DIRECTION_MODE
19.0,2026-02-03T16:30:55.277765+00:00,0.0500,1097,1600,RISING(alt=0.05m;target=3.00m;timeout=20.0s) | CRUISE_DIRECTION_MODE
19.5,2026-02-03T16:30:55.777869+00:00,0.5168,1102,1600,RISING(alt=0.05m;target=3.00m;timeout=20.0s) | CRUISE_DIRECTION_MODE
20.0,2026-02-03T16:30:56.277810+00:00,1.0638,1107,1600,RISING(alt=1.00m;target=3.00m;timeout=19.0s) | CRUISE_DIRECTION_MODE
20.5,2026-02-03T16:30:56.777754+00:00,1.4762,1112,1600,RISING(alt=1.00m;target=3.00m;timeout=19.0s) | CRUISE_DIRECTION_MODE
21.0,2026-02-03T16:30:57.277765+00:00,1.8858,1117,1600,RISING(alt=1.83m;target=3.00m;timeout=18.0s) | CRUISE_DIRECTION_MODE
21.5,2026-02-03T16:30:57.777781+00:00,2.2606,1122,1600,RISING(alt=1.83m;target=3.00m;timeout=18.0s) | CRUISE_DIRECTION_MODE
22.0,2026-02-03T16:30:58.277783+00:00,2.6758,1127,1600,RISING(alt=2.62m;target=3.00m;timeout=17.0s) | CRUISE_DIRECTION_MODE
22.5,2026-02-03T16:30:58.777802+00:00,3.1308,1132,1500,RISING(alt=2.62m;target=3.00m;timeout=17.0s) | CRUISE_DIRECTION_MODE
23.0,2026-02-03T16:30:59.277786+00:00,3.4268,1137,1500,STABILIZING(9.4s) | CRUISE_DIRECTION_MODE
23.5,2026-02-03T16:30:59.777779+00:00,3.6588,1142,1450,STABILIZING(9.4s) | CRUISE_DIRECTION_MODE
24.0,2026-02-03T16:31:00.277777+00:00,3.7490,1147,1450,STABILIZING(8.4s) | CRUISE_DIRECTION_MODE
24.5,2026-02-03T16:31:00.777756+00:00,3.8714,1152,1450,STABILIZING(8.4s) | CRUISE_DIRECTION_MODE
25.0,2026-02-03T16:31:01.277760+00:00,4.0108,1157,1450,STABILIZING(7.4s) | CRUISE_DIRECTION_MODE
25.5,2026-02-03T16:31:01.777825+00:00,4.1656,1162,1450,STABILIZING(7.4s) | CRUISE_DIRECTION_MODE
26.0,2026-02-03T16:31:02.277756+00:00,4.3402,1167,1450,STABILIZING(6.4s) | CRUISE_DIRECTION_MODE
26.5,2026-02-03T16:31:02.777775+00:00,4.5574,1172,1450,STABILIZING(6.4s) | CRUISE_DIRECTION_MODE
27.0,2026-02-03T16:31:03.277784+00:00,4.8052,1177,1450,STABILIZING(5.4s) | CRUISE_DIRECTION_MODE
27.5,2026-02-03T16:31:03.777760+00:00,5.0814,1182,1450,STABILIZING(5.4s) | CRUISE_DIRECTION_MODE
28.0,2026-02-03T16:31:04.277754+00:00,5.3836,1187,1450,STABILIZING(4.4s) | CRUISE_DIRECTION_MODE
28.5,2026-02-03T16:31:04.777823+00:00,5.7098,1192,1450,STABILIZING(4.4s) | CRUISE_DIRECTION_MODE
29.0,2026-02-03T16:31:05.277826+00:00,6.0786,1197,1450,STABILIZING(3.4s) | CRUISE_DIRECTION_MODE
29.5,2026-02-03T16:31:05.777762+00:00,6.4784,1202,1450,STABILIZING(3.4s) | CRUISE_DIRECTION_MODE
30.0,2026-02-03T16:31:06.277754+00:00,6.9112,1207,1450,STABILIZING(2.4s) | CRUISE_DIRECTION_MODE
30.5,2026-02-03T16:31:06.777778+00:00,7.3688,1212,1450,STABILIZING(2.4s) | CRUISE_DIRECTION_MODE
31.0,2026-02-03T16:31:07.277783+00:00,7.8352,1217,1450,STABILIZING(1.4s) | CRUISE_DIRECTION_MODE
31.5,2026-02-03T16:31:07.777815+00:00,8.2802,1222,1450,STABILIZING(1.4s) | CRUISE_DIRECTION_MODE
32.0,2026-02-03T16:31:08.277783+00:00,8.7082,1227,1450,STABILIZING(0.4s) | CRUISE_DIRECTION_MODE
32.5,2026-02-03T16:31:08.777785+00:00,9.1440,1232,1450,STABILIZING(0.4s) | CRUISE_DIRECTION_MODE
33.0,2026-02-03T16:31:09.277815+00:00,9.5554,1237,1450,YAW_ALIGN(14.0°) | CRUISE_DIRECTION_MODE
33.5,2026-02-03T16:31:09.777764+00:00,9.9046,1242,1450,YAW_ALIGN(14.0°) | CRUISE_DIRECTION_MODE
34.0,2026-02-03T16:31:10.277784+00:00,10.2450,1247,1450,READY | CRUISE_DIRECTION_MODE
34.5,2026-02-03T16:31:10.777826+00:00,10.5714,1252,1450,READY | CRUISE_DIRECTION_MODE
35.0,2026-02-03T16:31:11.277767+00:00,10.9022,1257,1450,READY | CRUISE_DIRECTION_MODE
35.5,2026-02-03T16:31:11.777762+00:00,11.2006,1262,1450,READY | CRUISE_DIRECTION_MODE
36.0,2026-02-03T16:31:12.277775+00:00,11.4982,1267,1450,READY | CRUISE_DIRECTION_MODE
36.5,2026-02-03T16:31:12.777777+00:00,11.7964,1272,1450,READY | CRUISE_DIRECTION_MODE
37.0,2026-02-03T16:31:13.277767+00:00,12.0796,1277,1450,READY | CRUISE_DIRECTION_MODE
37.5,2026-02-03T16:31:13.777892+00:00,12.3524,1282,1450,READY | CRUISE_DIRECTION_MODE
38.0,2026-02-03T16:31:14.277793+00:00,12.6138,1287,1450,READY | CRUISE_DIRECTION_MODE
38.5,2026-02-03T16:31:14.777764+00:00,12.8490,1292,1450,READY | CRUISE_DIRECTION_MODE
39.0,2026-02-03T16:31:15.277753+00:00,13.1038,1297,1450,READY | CRUISE_DIRECTION_MODE
39.5,2026-02-03T16:31:15.777760+00:00,13.3296,1302,1450,READY | CRUISE_DIRECTION_MODE
40.0,2026-02-03T16:31:16.277780+00:00,13.5362,1307,1450,READY | CRUISE_DIRECTION_MODE
40.5,2026-02-03T16:31:16.777814+00:00,13.7558,1312,1450,READY | CRUISE_DIRECTION_MODE
41.0,2026-02-03T16:31:17.277756+00:00,13.9544,1317,1450,READY | CRUISE_DIRECTION_MODE
41.5,2026-02-03T16:31:17.777747+00:00,14.1452,1322,1450,READY | CRUISE_DIRECTION_MODE
42.0,2026-02-03T16:31:18.277768+00:00,14.3476,1327,1450,READY | CRUISE_DIRECTION_MODE
42.5,2026-02-03T16:31:18.777826+00:00,14.5352,1332,1450,READY | CRUISE_DIRECTION_MODE
43.0,2026-02-03T16:31:19.277765+00:00,14.7348,1337,1450,READY | CRUISE_DIRECTION_MODE
43.5,2026-02-03T16:31:19.777805+00:00,14.9230,1342,1450,READY | CRUISE_DIRECTION_MODE
44.0,2026-02-03T16:31:20.277747+00:00,15.0782,1347,1450,READY | CRUISE_DIRECTION_MODE
44.5,2026-02-03T16:31:20.777761+00:00,15.2784,1352,1450,READY | CRUISE_DIRECTION_MODE
45.0,2026-02-03T16:31:21.277818+00:00,15.4532,1357,1450,READY | CRUISE_DIRECTION_MODE
45.5,2026-02-03T16:31:21.777758+00:00,15.6108,1362,1450,READY | CRUISE_DIRECTION_MODE
46.0,2026-02-03T16:31:22.277795+00:00,15.7632,1367,1450,READY | CRUISE_DIRECTION_MODE
46.5,2026-02-03T16:31:22.777824+00:00,15.8534,1372,1450,READY | CRUISE_DIRECTION_MODE
47.0,2026-02-03T16:31:23.277763+00:00,16.0186,1377,1450,READY | CRUISE_DIRECTION_MODE
47.5,2026-02-03T16:31:23.777777+00:00,16.1050,1382,1450,READY | CRUISE_DIRECTION_MODE
48.0,2026-02-03T16:31:24.277744+00:00,16.1864,1387,1450,READY | CRUISE_DIRECTION_MODE
48.5,2026-02-03T16:31:24.777756+00:00,16.2716,1392,1450,READY | CRUISE_DIRECTION_MODE
49.0,2026-02-03T16:31:25.277808+00:00,16.3070,1397,1450,READY | CRUISE_DIRECTION_MODE
49.5,2026-02-03T16:31:25.777818+00:00,16.2944,1402,1450,READY | CRUISE_DIRECTION_MODE
50.0,2026-02-03T16:31:26.277790+00:00,16.3404,1407,1450,READY | CRUISE_DIRECTION_MODE
50.5,2026-02-03T16:31:26.777754+00:00,16.3128,1412,1450,READY | CRUISE_DIRECTION_MODE
51.0,2026-02-03T16:31:27.277749+00:00,16.3368,1417,1450,READY | CRUISE_DIRECTION_MODE
51.5,2026-02-03T16:31:27.777762+00:00,16.3336,1422,1450,READY | CRUISE_DIRECTION_MODE
52.0,2026-02-03T16:31:28.277771+00:00,16.3228,1427,1450,READY | CRUISE_DIRECTION_MODE
52.5,2026-02-03T16:31:28.777797+00:00,16.3112,1432,1450,READY | CRUISE_DIRECTION_MODE
53.0,2026-02-03T16:31:29.277759+00:00,16.2772,1437,1450,READY | CRUISE_DIRECTION_MODE
53.5,2026-02-03T16:31:29.777762+00:00,16.2880,1442,1450,READY | CRUISE_DIRECTION_MODE
54.0,2026-02-03T16:31:30.277778+00:00,16.2000,1447,1450,READY | CRUISE_DIRECTION_MODE
54.5,2026-02-03T16:31:30.777757+00:00,16.1724,1452,1450,READY | CRUISE_DIRECTION_MODE
55.0,2026-02-03T16:31:31.277756+00:00,16.0772,1457,1450,READY | CRUISE_DIRECTION_MODE
55.5,2026-02-03T16:31:31.777842+00:00,16.0526,1462,1450,READY | CRUISE_DIRECTION_MODE
56.0,2026-02-03T16:31:32.277755+00:00,15.9456,1467,1450,READY | CRUISE_DIRECTION_MODE
56.5,2026-02-03T16:31:32.777760+00:00,15.8822,1472,1450,READY | CRUISE_DIRECTION_MODE
57.0,2026-02-03T16:31:33.277848+00:00,15.8530,1477,1450,READY | CRUISE_DIRECTION_MODE
57.5,2026-02-03T16:31:33.777824+00:00,15.8530,1482,1450,READY | CRUISE_DIRECTION_MODE
58.0,2026-02-03T16:31:34.277831+00:00,15.8530,1487,1500,READY | CRUISE_DIRECTION_MODE
58.5,2026-02-03T16:31:34.777965+00:00,15.8530,1492,1500,READY | CRUISE_DIRECTION_MODE
59.0,2026-02-03T16:31:35.277842+00:00,15.8530,1497,1500,READY | CRUISE_DIRECTION_MODE
59.5,2026-02-03T16:31:35.777821+00:00,15.8530,1502,1500,READY | CRUISE_DIRECTION_MODE
60.0,2026-02-03T16:31:36.277829+00:00,15.8530,1507,1500,READY | CRUISE_DIRECTION_MODE
60.5,2026-02-03T16:31:36.777848+00:00,15.8530,1512,1500,READY | CRUISE_DIRECTION_MODE
61.0,2026-02-03T16:31:37.277829+00:00,15.8530,1517,1500,READY | CRUISE_DIRECTION_MODE
61.5,2026-02-03T16:31:37.777909+00:00,15.8530,1522,1500,READY | CRUISE_DIRECTION_MODE
62.0,2026-02-03T16:31:38.277747+00:00,16.1832,1527,1450,READY | CRUISE_DIRECTION_MODE
62.5,2026-02-03T16:31:38.777779+00:00,16.1188,1532,1450,READY | CRUISE_DIRECTION_MODE
63.0,2026-02-03T16:31:39.277771+00:00,16.0510,1537,1450,READY | CRUISE_DIRECTION_MODE
63.5,2026-02-03T16:31:39.777759+00:00,15.9854,1542,1450,READY | CRUISE_DIRECTION_MODE
64.0,2026-02-03T16:31:40.277757+00:00,15.9294,1547,1450,READY | CRUISE_DIRECTION_MODE
64.5,2026-02-03T16:31:40.777813+00:00,15.8814,1552,1450,READY | CRUISE_DIRECTION_MODE
65.0,2026-02-03T16:31:41.277773+00:00,15.8044,1557,1450,READY | CRUISE_DIRECTION_MODE
65.5,2026-02-03T16:31:41.777760+00:00,15.7242,1562,1450,READY | CRUISE_DIRECTION_MODE
66.0,2026-02-03T16:31:42.277758+00:00,15.6682,1567,1450,READY | CRUISE_DIRECTION_MODE
66.5,2026-02-03T16:31:42.777759+00:00,15.5952,1572,1450,READY | CRUISE_DIRECTION_MODE
67.0,2026-02-03T16:31:43.277768+00:00,15.5032,1577,1450,READY | CRUISE_DIRECTION_MODE
67.5,2026-02-03T16:31:43.777778+00:00,15.4032,1582,1450,READY | CRUISE_DIRECTION_MODE
68.0,2026-02-03T16:31:44.277771+00:00,15.3032,1587,1450,READY | CRUISE_DIRECTION_MODE
68.5,2026-02-03T16:31:44.777780+00:00,15.1976,1592,1450,READY | CRUISE_DIRECTION_MODE
69.0,2026-02-03T16:31:45.277759+00:00,15.0574,1597,1450,READY | CRUISE_DIRECTION_MODE
69.5,2026-02-03T16:31:45.777750+00:00,14.9284,1602,1450,READY | CRUISE_DIRECTION_MODE
70.0,2026-02-03T16:31:46.277763+00:00,14.7970,1607,1450,READY | CRUISE_DIRECTION_MODE
70.5,2026-02-03T16:31:46.777862+00:00,14.6598,1612,1450,READY | CRUISE_DIRECTION_MODE
71.0,2026-02-03T16:31:47.277769+00:00,14.5134,1617,1450,READY | CRUISE_DIRECTION_MODE
71.5,2026-02-03T16:31:47.777760+00:00,14.3674,1622,1450,READY | CRUISE_DIRECTION_MODE
72.0,2026-02-03T16:31:48.277763+00:00,14.2300,1627,1450,READY | CRUISE_DIRECTION_MODE
72.5,2026-02-03T16:31:48.777789+00:00,14.0802,1632,1450,READY | CRUISE_DIRECTION_MODE
73.0,2026-02-03T16:31:49.277765+00:00,13.9342,1637,1450,READY | CRUISE_DIRECTION_MODE
73.5,2026-02-03T16:31:49.777810+00:00,13.7866,1642,1450,READY | CRUISE_DIRECTION_MODE
74.0,2026-02-03T16:31:50.277749+00:00,13.6526,1647,1450,READY | CRUISE_DIRECTION_MODE
74.5,2026-02-03T16:31:50.777767+00:00,13.5208,1652,1450,READY | CRUISE_DIRECTION_MODE
75.0,2026-02-03T16:31:51.277775+00:00,13.4056,1657,1450,READY | CRUISE_DIRECTION_MODE
75.5,2026-02-03T16:31:51.777781+00:00,13.2892,1662,1450,READY | CRUISE_DIRECTION_MODE
76.0,2026-02-03T16:31:52.277767+00:00,13.1606,1667,1450,READY | CRUISE_DIRECTION_MODE
76.5,2026-02-03T16:31:52.777772+00:00,13.0508,1672,1450,READY | CRUISE_DIRECTION_MODE
77.0,2026-02-03T16:31:53.277768+00:00,12.9448,1677,1450,READY | CRUISE_DIRECTION_MODE
77.5,2026-02-03T16:31:53.777777+00:00,12.8404,1682,1450,READY | CRUISE_DIRECTION_MODE
78.0,2026-02-03T16:31:54.277765+00:00,12.7436,1687,1450,READY | CRUISE_DIRECTION_MODE
78.5,2026-02-03T16:31:54.777793+00:00,12.6736,1692,1450,READY | CRUISE_DIRECTION_MODE
79.0,2026-02-03T16:31:55.277763+00:00,12.5926,1697,1450,READY | CRUISE_DIRECTION_MODE
79.5,2026-02-03T16:31:55.777776+00:00,12.5136,1702,1450,READY | CRUISE_DIRECTION_MODE
80.0,2026-02-03T16:31:56.277773+00:00,12.4358,1707,1450,READY | CRUISE_DIRECTION_MODE
80.5,2026-02-03T16:31:56.777775+00:00,12.3688,1712,1450,READY | CRUISE_DIRECTION_MODE
81.0,2026-02-03T16:31:57.277788+00:00,12.2830,1717,1450,READY | CRUISE_DIRECTION_MODE
81.5,2026-02-03T16:31:57.777754+00:00,12.2332,1722,1450,READY | CRUISE_DIRECTION_MODE
82.0,2026-02-03T16:31:58.277759+00:00,12.1714,1727,1450,READY | CRUISE_DIRECTION_MODE
82.5,2026-02-03T16:31:58.777782+00:00,12.1318,1732,1450,READY | CRUISE_DIRECTION_MODE
83.0,2026-02-03T16:31:59.277787+00:00,12.1082,1737,1450,READY | CRUISE_DIRECTION_MODE
83.5,2026-02-03T16:31:59.777748+00:00,12.0792,1742,1450,READY | CRUISE_DIRECTION_MODE
84.0,2026-02-03T16:32:00.277750+00:00,12.0448,1747,1450,READY | CRUISE_DIRECTION_MODE
84.5,2026-02-03T16:32:00.777751+00:00,12.0080,1752,1450,READY | CRUISE_DIRECTION_MODE
85.0,2026-02-03T16:32:01.277769+00:00,11.9818,1757,1450,READY | CRUISE_DIRECTION_MODE
85.5,2026-02-03T16:32:01.777776+00:00,11.9678,1762,1450,READY | CRUISE_DIRECTION_MODE
86.0,2026-02-03T16:32:02.277761+00:00,11.9184,1767,1450,READY | CRUISE_DIRECTION_MODE
86.5,2026-02-03T16:32:02.777756+00:00,11.8718,1772,1450,READY | CRUISE_DIRECTION_MODE
87.0,2026-02-03T16:32:03.277765+00:00,11.8252,1777,1450,READY | CRUISE_DIRECTION_MODE
87.5,2026-02-03T16:32:03.777776+00:00,11.7696,1782,1450,READY | CRUISE_DIRECTION_MODE
88.0,2026-02-03T16:32:04.277789+00:00,11.6998,1787,1450,READY | CRUISE_DIRECTION_MODE
88.5,2026-02-03T16:32:04.777763+00:00,11.6420,1792,1450,READY | CRUISE_DIRECTION_MODE
89.0,2026-02-03T16:32:05.277833+00:00,11.5770,1797,1450,READY | CRUISE_DIRECTION_MODE
89.5,2026-02-03T16:32:05.777805+00:00,11.5098,1802,1450,READY | CRUISE_DIRECTION_MODE
90.0,2026-02-03T16:32:06.277756+00:00,11.4232,1807,1450,READY | CRUISE_DIRECTION_MODE
90.5,2026-02-03T16:32:06.777750+00:00,11.3542,1812,1450,READY | CRUISE_DIRECTION_MODE
91.0,2026-02-03T16:32:07.277781+00:00,11.2762,1817,1450,READY | CRUISE_DIRECTION_MODE
91.5,2026-02-03T16:32:07.777762+00:00,11.2124,1822,1450,READY | CRUISE_DIRECTION_MODE
92.0,2026-02-03T16:32:08.277773+00:00,11.1544,1827,1450,READY | CRUISE_DIRECTION_MODE
92.5,2026-02-03T16:32:08.777800+00:00,11.0856,1832,1450,READY | CRUISE_DIRECTION_MODE
93.0,2026-02-03T16:32:09.277812+00:00,11.0048,1837,1450,READY | CRUISE_DIRECTION_MODE
93.5,2026-02-03T16:32:09.777784+00:00,10.9280,1842,1450,READY | CRUISE_DIRECTION_MODE
94.0,2026-02-03T16:32:10.277780+00:00,10.8644,1847,1450,READY | CRUISE_DIRECTION_MODE
94.5,2026-02-03T16:32:10.777757+00:00,10.7988,1852,1450,READY | CRUISE_DIRECTION_MODE
95.0,2026-02-03T16:32:11.277745+00:00,10.7508,1857,1450,READY | CRUISE_DIRECTION_MODE
95.5,2026-02-03T16:32:11.777778+00:00,10.6850,1862,1450,READY | CRUISE_DIRECTION_MODE
96.0,2026-02-03T16:32:12.277789+00:00,10.6534,1867,1450,READY | CRUISE_DIRECTION_MODE
96.5,2026-02-03T16:32:12.777766+00:00,10.6236,1872,1450,READY | CRUISE_DIRECTION_MODE
97.0,2026-02-03T16:32:13.277757+00:00,10.6146,1877,1450,READY | CRUISE_DIRECTION_MODE
97.5,2026-02-03T16:32:13.777763+00:00,10.5776,1882,1450,READY | CRUISE_DIRECTION_MODE
98.0,2026-02-03T16:32:14.277760+00:00,10.5544,1887,1450,READY | CRUISE_DIRECTION_MODE
98.5,2026-02-03T16:32:14.777759+00:00,10.5266,1892,1450,READY | CRUISE_DIRECTION_MODE
99.0,2026-02-03T16:32:15.277754+00:00,10.4884,1897,1450,READY | CRUISE_DIRECTION_MODE
99.5,2026-02-03T16:32:15.777770+00:00,10.4698,1902,1450,READY | CRUISE_DIRECTION_MODE
100.0,2026-02-03T16:32:16.277762+00:00,10.4210,1907,1450,READY | CRUISE_DIRECTION_MODE
100.5,2026-02-03T16:32:16.777823+00:00,10.3276,1912,1450,READY | CRUISE_DIRECTION_MODE
101.0,2026-02-03T16:32:17.277774+00:00,10.2870,1917,1450,READY | CRUISE_DIRECTION_MODE
101.5,2026-02-03T16:32:17.777795+00:00,10.2426,1922,1450,READY | CRUISE_DIRECTION_MODE
102.0,2026-02-03T16:32:18.277740+00:00,10.1896,1927,1450,READY | CRUISE_DIRECTION_MODE
102.5,2026-02-03T16:32:18.777861+00:00,10.1528,1932,1450,READY | CRUISE_DIRECTION_MODE
103.0,2026-02-03T16:32:19.277762+00:00,10.0892,1937,1450,READY | CRUISE_DIRECTION_MODE
103.5,2026-02-03T16:32:19.777825+00:00,10.0216,1942,1450,READY | CRUISE_DIRECTION_MODE
104.0,2026-02-03T16:32:20.277802+00:00,9.9754,1947,1450,READY | CRUISE_DIRECTION_MODE
104.5,2026-02-03T16:32:20.777751+00:00,9.8844,1952,1450,READY | CRUISE_DIRECTION_MODE
105.0,2026-02-03T16:32:21.277777+00:00,9.8214,1957,1450,READY | CRUISE_DIRECTION_MODE
105.5,2026-02-03T16:32:21.777763+00:00,9.7264,1962,1450,READY | CRUISE_DIRECTION_MODE
106.0,2026-02-03T16:32:22.277771+00:00,9.6516,1967,1450,READY | CRUISE_DIRECTION_MODE
106.5,2026-02-03T16:32:22.777756+00:00,9.5764,1972,1450,READY | CRUISE_DIRECTION_MODE
107.0,2026-02-03T16:32:23.277757+00:00,9.5258,1977,1450,READY | CRUISE_DIRECTION_MODE
107.5,2026-02-03T16:32:23.777774+00:00,9.4306,1982,1450,READY | CRUISE_DIRECTION_MODE
108.0,2026-02-03T16:32:24.277804+00:00,9.3658,1987,1450,READY | CRUISE_DIRECTION_MODE
108.5,2026-02-03T16:32:24.777762+00:00,9.2942,1992,1450,READY | CRUISE_DIRECTION_MODE
109.0,2026-02-03T16:32:25.277779+00:00,9.2290,1997,1450,READY | CRUISE_DIRECTION_MODE
109.5,2026-02-03T16:32:25.777773+00:00,9.1686,2002,1450,READY | CRUISE_DIRECTION_MODE
110.0,2026-02-03T16:32:26.277866+00:00,9.0874,2007,1450,READY | CRUISE_DIRECTION_MODE
110.5,2026-02-03T16:32:26.777775+00:00,9.0324,2012,1450,READY | CRUISE_DIRECTION_MODE
111.0,2026-02-03T16:32:27.277764+00:00,8.9628,2017,1450,READY | CRUISE_DIRECTION_MODE
111.5,2026-02-03T16:32:27.777755+00:00,8.9140,2022,1450,READY | CRUISE_DIRECTION_MODE
112.0,2026-02-03T16:32:28.277771+00:00,8.8472,2027,1450,READY | CRUISE_DIRECTION_MODE
112.5,2026-02-03T16:32:28.777779+00:00,8.7974,2032,1450,READY | CRUISE_DIRECTION_MODE
113.0,2026-02-03T16:32:29.277779+00:00,8.7372,2037,1450,READY | CRUISE_DIRECTION_MODE
113.5,2026-02-03T16:32:29.777768+00:00,8.6674,2042,1450,READY | CRUISE_DIRECTION_MODE
114.0,2026-02-03T16:32:30.277761+00:00,8.5702,2047,1450,READY | CRUISE_DIRECTION_MODE
114.5,2026-02-03T16:32:30.777773+00:00,8.4886,2052,1450,READY | CRUISE_DIRECTION_MODE
115.0,2026-02-03T16:32:31.277760+00:00,8.3802,2057,1450,READY | CRUISE_DIRECTION_MODE
115.5,2026-02-03T16:32:31.777764+00:00,8.2510,2062,1450,READY | CRUISE_DIRECTION_MODE
116.0,2026-02-03T16:32:32.277797+00:00,8.1846,2067,1450,READY | CRUISE_DIRECTION_MODE
116.5,2026-02-03T16:32:32.777762+00:00,8.0736,2072,1450,READY | CRUISE_DIRECTION_MODE
117.0,2026-02-03T16:32:33.277760+00:00,7.9612,2077,1450,READY | CRUISE_DIRECTION_MODE
117.5,2026-02-03T16:32:33.777757+00:00,7.8516,2082,1450,READY | CRUISE_DIRECTION_MODE
118.0,2026-02-03T16:32:34.277767+00:00,7.7602,2087,1450,READY | CRUISE_DIRECTION_MODE
118.5,2026-02-03T16:32:34.777774+00:00,7.6464,2092,1450,READY | CRUISE_DIRECTION_MODE
119.0,2026-02-03T16:32:35.277771+00:00,7.5732,2097,1450,READY | CRUISE_DIRECTION_MODE
119.5,2026-02-03T16:32:35.777760+00:00,7.5066,2102,1450,READY | CRUISE_DIRECTION_MODE
120.0,2026-02-03T16:32:36.277765+00:00,7.4174,2107,1450,READY | CRUISE_DIRECTION_MODE
120.5,2026-02-03T16:32:36.777785+00:00,7.3532,2112,1450,READY | CRUISE_DIRECTION_MODE
121.0,2026-02-03T16:32:37.277766+00:00,7.3044,2117,1450,READY | CRUISE_DIRECTION_MODE
121.5,2026-02-03T16:32:37.777758+00:00,7.2794,2122,1450,READY | CRUISE_DIRECTION_MODE
122.0,2026-02-03T16:32:38.277758+00:00,7.2472,2127,1450,READY | CRUISE_DIRECTION_MODE
122.5,2026-02-03T16:32:38.777761+00:00,7.2074,2132,1450,READY | CRUISE_DIRECTION_MODE
123.0,2026-02-03T16:32:39.277764+00:00,7.1502,2137,1450,READY | CRUISE_DIRECTION_MODE
123.5,2026-02-03T16:32:39.777760+00:00,7.1008,2142,1450,READY | CRUISE_DIRECTION_MODE
124.0,2026-02-03T16:32:40.277757+00:00,7.0372,2147,1450,READY | CRUISE_DIRECTION_MODE
124.5,2026-02-03T16:32:40.777812+00:00,6.9812,2152,1450,READY | CRUISE_DIRECTION_MODE
125.0,2026-02-03T16:32:41.277788+00:00,6.9022,2157,1450,READY | CRUISE_DIRECTION_MODE
125.5,2026-02-03T16:32:41.777763+00:00,6.8360,2162,1450,READY | CRUISE_DIRECTION_MODE
126.0,2026-02-03T16:32:42.277777+00:00,6.7696,2167,1450,READY | CRUISE_DIRECTION_MODE
126.5,2026-02-03T16:32:42.777756+00:00,6.7090,2172,1450,READY | CRUISE_DIRECTION_MODE
127.0,2026-02-03T16:32:43.277768+00:00,6.6336,2177,1450,READY | CRUISE_DIRECTION_MODE
127.5,2026-02-03T16:32:43.777792+00:00,6.5720,2182,1450,READY | CRUISE_DIRECTION_MODE
128.0,2026-02-03T16:32:44.277761+00:00,6.5142,2187,1450,READY | CRUISE_DIRECTION_MODE
128.5,2026-02-03T16:32:44.777770+00:00,6.4468,2192,1450,READY | CRUISE_DIRECTION_MODE
129.0,2026-02-03T16:32:45.277793+00:00,6.3692,2197,1450,READY | CRUISE_DIRECTION_MODE
129.5,2026-02-03T16:32:45.777760+00:00,6.2884,2202,1450,READY | CRUISE_DIRECTION_MODE
130.0,2026-02-03T16:32:46.277778+00:00,6.1668,2207,1450,READY | CRUISE_DIRECTION_MODE
130.5,2026-02-03T16:32:46.777750+00:00,6.0618,2212,1450,READY | CRUISE_DIRECTION_MODE
131.0,2026-02-03T16:32:47.277752+00:00,5.9324,2217,1450,READY | CRUISE_DIRECTION_MODE
131.5,2026-02-03T16:32:47.777824+00:00,5.7974,2222,1450,READY | CRUISE_DIRECTION_MODE
132.0,2026-02-03T16:32:48.277750+00:00,5.6928,2227,1450,READY | CRUISE_DIRECTION_MODE
132.5,2026-02-03T16:32:48.777765+00:00,5.5736,2232,1450,READY | CRUISE_DIRECTION_MODE
133.0,2026-02-03T16:32:49.277770+00:00,5.3824,2237,1450,READY | CRUISE_DIRECTION_MODE
133.5,2026-02-03T16:32:49.777771+00:00,5.2082,2242,1450,READY | CRUISE_DIRECTION_MODE
134.0,2026-02-03T16:32:50.277797+00:00,5.0210,2247,1450,READY | CRUISE_DIRECTION_MODE
134.5,2026-02-03T16:32:50.777768+00:00,4.8564,2252,1450,READY | CRUISE_DIRECTION_MODE
135.0,2026-02-03T16:32:51.277761+00:00,4.6894,2257,1450,READY | CRUISE_DIRECTION_MODE
135.5,2026-02-03T16:32:51.777776+00:00,4.5214,2262,1450,READY | CRUISE_DIRECTION_MODE
136.0,2026-02-03T16:32:52.277774+00:00,4.3468,2267,1450,READY | CRUISE_DIRECTION_MODE
136.5,2026-02-03T16:32:52.777767+00:00,4.1640,2272,1450,READY | CRUISE_DIRECTION_MODE
137.0,2026-02-03T16:32:53.277769+00:00,3.9912,2277,1450,READY | CRUISE_DIRECTION_MODE
137.5,2026-02-03T16:32:53.777764+00:00,3.7926,2282,1450,READY | CRUISE_DIRECTION_MODE
138.0,2026-02-03T16:32:54.277787+00:00,3.5958,2287,1450,READY | CRUISE_DIRECTION_MODE
138.5,2026-02-03T16:32:54.777746+00:00,3.3864,2292,1500,READY | CRUISE_DIRECTION_MODE
139.0,2026-02-03T16:32:55.277772+00:00,3.3248,2297,1500,READY | CRUISE_DIRECTION_MODE
139.5,2026-02-03T16:32:55.777777+00:00,3.3376,2302,1500,READY | CRUISE_DIRECTION_MODE
140.0,2026-02-03T16:32:56.277761+00:00,3.3138,2307,1500,READY | CRUISE_DIRECTION_MODE
140.5,2026-02-03T16:32:56.777770+00:00,3.3338,2312,1500,READY | CRUISE_DIRECTION_MODE
141.0,2026-02-03T16:32:57.277752+00:00,3.3150,2317,1500,READY | CRUISE_DIRECTION_MODE
141.5,2026-02-03T16:32:57.777783+00:00,3.2954,2322,1500,READY | CRUISE_DIRECTION_MODE
142.0,2026-02-03T16:32:58.277755+00:00,3.2814,2327,1500,READY | CRUISE_DIRECTION_MODE
142.5,2026-02-03T16:32:58.777763+00:00,3.2614,2332,1500,READY | CRUISE_DIRECTION_MODE
143.0,2026-02-03T16:32:59.277779+00:00,3.2614,2337,1500,READY | CRUISE_DIRECTION_MODE
143.5,2026-02-03T16:32:59.777768+00:00,3.2644,2342,1500,READY | CRUISE_DIRECTION_MODE
144.0,2026-02-03T16:33:00.277802+00:00,3.2650,2347,1500,READY | CRUISE_DIRECTION_MODE
144.5,2026-02-03T16:33:00.777758+00:00,3.2742,2352,1500,READY | CRUISE_DIRECTION_MODE
145.0,2026-02-03T16:33:01.277794+00:00,3.2746,2357,1500,READY | CRUISE_DIRECTION_MODE
145.5,2026-02-03T16:33:01.777797+00:00,3.2660,2362,1500,READY | CRUISE_DIRECTION_MODE
146.0,2026-02-03T16:33:02.277781+00:00,3.2716,2367,1500,READY | CRUISE_DIRECTION_MODE
146.5,2026-02-03T16:33:02.777777+00:00,3.2818,2372,1500,READY | CRUISE_DIRECTION_MODE
147.0,2026-02-03T16:33:03.277778+00:00,3.2896,2377,1500,READY | CRUISE_DIRECTION_MODE
147.5,2026-02-03T16:33:03.777782+00:00,3.3096,2382,1500,READY | CRUISE_DIRECTION_MODE
148.0,2026-02-03T16:33:04.277767+00:00,3.3138,2387,1500,READY | CRUISE_DIRECTION_MODE
148.5,2026-02-03T16:33:04.777767+00:00,3.3194,2392,1500,READY | CRUISE_DIRECTION_MODE
149.0,2026-02-03T16:33:05.277774+00:00,3.3268,2397,1500,READY | CRUISE_DIRECTION_MODE
149.5,2026-02-03T16:33:05.777766+00:00,3.3298,2402,1500,READY | CRUISE_DIRECTION_MODE
150.0,2026-02-03T16:33:06.277785+00:00,3.3420,2407,1500,READY | CRUISE_DIRECTION_MODE
150.5,2026-02-03T16:33:06.777776+00:00,3.3420,2412,1500,READY | CRUISE_DIRECTION_MODE
151.0,2026-02-03T16:33:07.277747+00:00,3.3156,2417,1500,READY | CRUISE_DIRECTION_MODE
151.5,2026-02-03T16:33:07.777759+00:00,3.3418,2422,1500,READY | CRUISE_DIRECTION_MODE
152.0,2026-02-03T16:33:08.277779+00:00,3.3638,2427,1500,READY | CRUISE_DIRECTION_MODE
152.5,2026-02-03T16:33:08.777769+00:00,3.4074,2432,1500,READY | CRUISE_DIRECTION_MODE
153.0,2026-02-03T16:33:09.277765+00:00,3.4180,2437,1500,READY | CRUISE_DIRECTION_MODE
153.5,2026-02-03T16:33:09.777824+00:00,3.5112,2442,1450,READY | CRUISE_DIRECTION_MODE
154.0,2026-02-03T16:33:10.277749+00:00,3.4768,2447,1500,READY | CRUISE_DIRECTION_MODE
154.5,2026-02-03T16:33:10.777749+00:00,3.4142,2452,1500,READY | CRUISE_DIRECTION_MODE
155.0,2026-02-03T16:33:11.277771+00:00,3.4666,2457,1500,READY | CRUISE_DIRECTION_MODE
155.5,2026-02-03T16:33:11.777763+00:00,3.4972,2462,1500,READY | CRUISE_DIRECTION_MODE
156.0,2026-02-03T16:33:12.277757+00:00,3.4462,2467,1500,READY | CRUISE_DIRECTION_MODE
156.5,2026-02-03T16:33:12.777758+00:00,3.4422,2472,1500,READY | CRUISE_DIRECTION_MODE
157.0,2026-02-03T16:33:13.277765+00:00,3.4860,2477,1500,READY | CRUISE_DIRECTION_MODE
157.5,2026-02-03T16:33:13.777772+00:00,3.5014,2482,1500,READY | CRUISE_DIRECTION_MODE
158.0,2026-02-03T16:33:14.277755+00:00,3.4510,2487,1500,READY | CRUISE_DIRECTION_MODE
158.5,2026-02-03T16:33:14.777838+00:00,3.4208,2492,1500,READY | CRUISE_DIRECTION_MODE
159.0,2026-02-03T16:33:15.277760+00:00,3.4400,2497,1500,READY | CRUISE_DIRECTION_MODE
159.5,2026-02-03T16:33:15.777743+00:00,3.4476,2502,1500,READY | CRUISE_DIRECTION_MODE
160.0,2026-02-03T16:33:16.277844+00:00,3.4612,2507,1500,READY | CRUISE_DIRECTION_MODE
160.5,2026-02-03T16:33:16.777777+00:00,3.4834,2512,1500,READY | CRUISE_DIRECTION_MODE
161.0,2026-02-03T16:33:17.277803+00:00,3.4926,2517,1500,READY | CRUISE_DIRECTION_MODE
161.5,2026-02-03T16:33:17.777745+00:00,3.4868,2522,1500,READY | CRUISE_DIRECTION_MODE
162.0,2026-02-03T16:33:18.277782+00:00,3.4694,2527,1500,READY | CRUISE_DIRECTION_MODE
162.5,2026-02-03T16:33:18.777763+00:00,3.4730,2532,1500,READY | CRUISE_DIRECTION_MODE
163.0,2026-02-03T16:33:19.277757+00:00,3.4902,2537,1500,READY | CRUISE_DIRECTION_MODE
163.5,2026-02-03T16:33:19.777798+00:00,3.4842,2542,1500,READY | CRUISE_DIRECTION_MODE
164.0,2026-02-03T16:33:20.277752+00:00,3.4832,2547,1500,READY | CRUISE_DIRECTION_MODE
164.5,2026-02-03T16:33:20.777758+00:00,3.5116,2552,1450,READY | CRUISE_DIRECTION_MODE
165.0,2026-02-03T16:33:21.277761+00:00,3.4370,2557,1500,READY | CRUISE_DIRECTION_MODE
165.5,2026-02-03T16:33:21.777758+00:00,3.4024,2562,1500,READY | CRUISE_DIRECTION_MODE
166.0,2026-02-03T16:33:22.277767+00:00,3.4200,2567,1500,READY | CRUISE_DIRECTION_MODE
166.5,2026-02-03T16:33:22.777760+00:00,3.4360,2572,1500,READY | CRUISE_DIRECTION_MODE
167.0,2026-02-03T16:33:23.277771+00:00,3.4646,2577,1500,READY | CRUISE_DIRECTION_MODE
167.5,2026-02-03T16:33:23.777758+00:00,3.4458,2582,1500,READY | CRUISE_DIRECTION_MODE
168.0,2026-02-03T16:33:24.277762+00:00,3.3850,2587,1500,READY | CRUISE_DIRECTION_MODE
168.5,2026-02-03T16:33:24.777767+00:00,3.4456,2592,1500,READY | CRUISE_DIRECTION_MODE
169.0,2026-02-03T16:33:25.277853+00:00,3.2396,2597,1500,READY | CRUISE_DIRECTION_MODE
169.5,2026-02-03T16:33:25.777754+00:00,2.8360,2602,1500,READY | CRUISE_DIRECTION_MODE
170.0,2026-02-03T16:33:26.277777+00:00,2.4438,2607,1550,READY | CRUISE_DIRECTION_MODE
170.5,2026-02-03T16:33:26.777817+00:00,2.0928,2612,1550,READY | CRUISE_DIRECTION_MODE
171.0,2026-02-03T16:33:27.277767+00:00,1.6824,2617,1550,READY | CRUISE_DIRECTION_MODE
171.5,2026-02-03T16:33:27.777761+00:00,1.3058,2622,1550,READY | CRUISE_DIRECTION_MODE
172.0,2026-02-03T16:33:28.277774+00:00,1.0520,2627,1550,READY | CRUISE_DIRECTION_MODE
172.5,2026-02-03T16:33:28.777764+00:00,0.7312,2632,1550,READY | CRUISE_DIRECTION_MODE
173.0,2026-02-03T16:33:29.277793+00:00,0.3776,2637,1550,READY | CRUISE_DIRECTION_MODE
173.5,2026-02-03T16:33:29.777770+00:00,0.0518,2642,1550,READY | CRUISE_DIRECTION_MODE
174.0,2026-02-03T16:33:30.277767+00:00,0.1190,2647,1550,READY | CRUISE_DIRECTION_MODE
174.5,2026-02-03T16:33:30.778487+00:00,0.0934,2652,1550,READY | CRUISE_DIRECTION_MODE
175.0,2026-02-03T16:33:31.277749+00:00,0.0932,2657,1550,READY | CRUISE_DIRECTION_MODE
175.5,2026-02-03T16:33:31.777772+00:00,0.0936,2662,1550,READY | CRUISE_DIRECTION_MODE
176.0,2026-02-03T16:33:32.277734+00:00,0.0938,2667,1550,READY | CRUISE_DIRECTION_MODE
176.5,2026-02-03T16:33:32.777772+00:00,0.0930,2672,1550,READY | CRUISE_DIRECTION_MODE
177.0,2026-02-03T16:33:33.277739+00:00,0.0928,2677,1550,READY | CRUISE_DIRECTION_MODE
177.5,2026-02-03T16:33:33.777846+00:00,0.0930,2682,1550,READY | CRUISE_DIRECTION_MODE
178.0,2026-02-03T16:33:34.277744+00:00,0.0932,2687,1550,READY | CRUISE_DIRECTION_MODE
178.5,2026-02-03T16:33:34.777761+00:00,0.0928,2692,1550,READY | CRUISE_DIRECTION_MODE
179.0,2026-02-03T16:33:35.277762+00:00,0.0936,2697,1550,READY | CRUISE_DIRECTION_MODE
179.5,2026-02-03T16:33:35.777763+00:00,0.0928,2702,1550,READY | CRUISE_DIRECTION_MODE
180.0,2026-02-03T16:33:36.277752+00:00,0.0926,2707,1550,READY | CRUISE_DIRECTION_MODE
180.5,2026-02-03T16:33:36.777756+00:00,0.0934,2712,1550,READY | CRUISE_DIRECTION_MODE
181.0,2026-02-03T16:33:37.277751+00:00,0.0930,2717,1550,READY | CRUISE_DIRECTION_MODE
181.5,2026-02-03T16:33:37.777768+00:00,0.0928,2722,1550,READY | CRUISE_DIRECTION_MODE
182.0,2026-02-03T16:33:38.277769+00:00,0.0934,2727,1550,READY | CRUISE_DIRECTION_MODE
182.5,2026-02-03T16:33:38.777846+00:00,0.0932,2732,1550,READY | CRUISE_DIRECTION_MODE
183.0,2026-02-03T16:33:39.078210+00:00,0.0934,2735,1550,READY | CRUISE_DIRECTION_MODE
