sample_time,observation_number,height_m,status,rc_throttle
2026-02-03T15:56:01.512580+00:00,1,0.0500,,
2026-02-03T15:56:01.712580+00:00,3,0.0500,,
2026-02-03T15:56:01.912580+00:00,5,0.0500,,
2026-02-03T15:56:02.112580+00:00,7,0.0500,,
2026-02-03T15:56:02.312580+00:00,9,0.0500,,
2026-02-03T15:56:02.512580+00:00,11,0.0500,,
2026-02-03T15:56:02.712580+00:00,13,0.0500,,
2026-02-03T15:56:02.912580+00:00,15,0.0500,,
2026-02-03T15:56:03.112580+00:00,17,0.0500,,
2026-02-03T15:56:03.312580+00:00,19,0.0500,,
2026-02-03T15:56:03.512580+00:00,21,0.0500,,
2026-02-03T15:56:03.712580+00:00,23,0.0500,,
2026-02-03T15:56:03.912580+00:00,25,0.0500,,
2026-02-03T15:56:04.112580+00:00,27,0.0500,,
2026-02-03T15:56:04.312580+00:00,29,0.0500,,
2026-02-03T15:56:04.512580+00:00,31,0.0500,,
2026-02-03T15:56:04.712580+00:00,33,0.0500,,
2026-02-03T15:56:04.912580+00:00,35,0.0500,,
2026-02-03T15:56:05.112580+00:00,37,0.0500,,
2026-02-03T15:56:05.312580+00:00,39,0.0500,,
2026-02-03T15:56:05.512580+00:00,41,0.0500,,
2026-02-03T15:56:05.712580+00:00,43,0.0500,,
2026-02-03T15:56:05.912580+00:00,45,0.0500,,
2026-02-03T15:56:06.112580+00:00,47,0.0500,,
2026-02-03T15:56:06.312580+00:00,49,0.0500,,
2026-02-03T15:56:06.512580+00:00,51,0.0500,,
2026-02-03T15:56:06.712580+00:00,53,0.0500,,
2026-02-03T15:56:06.912580+00:00,55,0.0500,,
2026-02-03T15:56:07.112580+00:00,57,0.0500,,
2026-02-03T15:56:07.312580+00:00,59,0.0500,,
2026-02-03T15:56:07.512580+00:00,61,0.0500,,
2026-02-03T15:56:07.712580+00:00,63,0.0500,,
2026-02-03T15:56:07.912580+00:00,65,0.0500,,
2026-02-03T15:56:08.112580+00:00,67,0.0500,,
2026-02-03T15:56:08.312580+00:00,69,0.0500,,
2026-02-03T15:56:08.512580+00:00,71,0.0500,,
2026-02-03T15:56:08.712580+00:00,73,0.0500,,
2026-02-03T15:56:08.912580+00:00,75,0.0500,,
2026-02-03T15:56:09.112580+00:00,77,0.0500,,
2026-02-03T15:56:09.312580+00:00,79,0.0500,,
2026-02-03T15:56:09.512580+00:00,81,0.0500,,
2026-02-03T15:56:09.712580+00:00,83,0.0500,,
2026-02-03T15:56:09.912580+00:00,85,0.0500,,
2026-02-03T15:56:10.112580+00:00,87,0.0500,,1000.0
2026-02-03T15:56:10.312580+00:00,89,0.0500,,1000.0
2026-02-03T15:56:10.512580+00:00,91,0.0500,,1000.0
2026-02-03T15:56:10.712580+00:00,93,0.0500,,1000.0
2026-02-03T15:56:10.912580+00:00,95,0.0500,,1000.0
2026-02-03T15:56:11.112580+00:00,97,0.0500,ARMING(18.9s) | CMD_TIMEOUT | CRUISE_DIRECTION_MODE,1000.0
2026-02-03T15:56:11.312580+00:00,99,0.0500,ARMING(18.9s) | CMD_TIMEOUT | CRUISE_DIRECTION_MODE,1000.0
2026-02-03T15:56:11.512580+00:00,101,0.0500,ARMING(18.9s) | CMD_TIMEOUT | CRUISE_DIRECTION_MODE,1000.0
2026-02-03T15:56:11.712580+00:00,103,0.0500,ARMING(18.9s) | CMD_TIMEOUT | CRUISE_DIRECTION_MODE,1000.0
2026-02-03T15:56:11.912580+00:00,105,0.0500,ARMING(18.9s) | CMD_TIMEOUT | CRUISE_DIRECTION_MODE,1000.0
2026-02-03T15:56:12.112580+00:00,107,0.0500,ARMING(18.0s) | CRUISE_DIRECTION_MODE,1000.0
2026-02-03T15:56:12.312580+00:00,109,0.0500,ARMING(18.0s) | CRUISE_DIRECTION_MODE,1000.0
2026-02-03T15:56:12.512580+00:00,111,0.0500,ARMING(18.0s) | CRUISE_DIRECTION_MODE,1000.0
2026-02-03T15:56:12.712580+00:00,113,0.0500,ARMING(18.0s) | CRUISE_DIRECTION_MODE,1000.0
2026-02-03T15:56:12.912580+00:00,115,0.0500,ARMING(18.0s) | CRUISE_DIRECTION_MODE,1000.0
2026-02-03T15:56:13.112580+00:00,117,0.0500,ARMING(17.0s) | CRUISE_DIRECTION_MODE,1000.0
2026-02-03T15:56:13.312580+00:00,119,0.0500,ARMING(17.0s) | CRUISE_DIRECTION_MODE,1000.0
2026-02-03T15:56:13.512580+00:00,121,0.0500,ARMING(17.0s) | CRUISE_DIRECTION_MODE,1000.0
2026-02-03T15:56:13.712580+00:00,123,0.0500,ARMING(17.0s) | CRUISE_DIRECTION_MODE,1000.0
2026-02-03T15:56:13.912580+00:00,125,0.0500,ARMING(17.0s) | CRUISE_DIRECTION_MODE,1000.0
2026-02-03T15:56:14.112580+00:00,127,0.0500,ARMING(16.0s) | CRUISE_DIRECTION_MODE,1000.0
2026-02-03T15:56:14.312580+00:00,129,0.0500,ARMING(16.0s) | CRUISE_DIRECTION_MODE,1000.0
2026-02-03T15:56:14.512580+00:00,131,0.0500,ARMING(16.0s) | CRUISE_DIRECTION_MODE,1000.0
2026-02-03T15:56:14.712580+00:00,133,0.0500,ARMING(16.0s) | CRUISE_DIRECTION_MODE,1000.0
2026-02-03T15:56:14.912580+00:00,135,0.0500,ARMING(16.0s) | CRUISE_DIRECTION_MODE,1000.0
2026-02-03T15:56:15.112580+00:00,137,0.0500,ARMING(15.0s) | CRUISE_DIRECTION_MODE,1000.0
2026-02-03T15:56:15.312580+00:00,139,0.0500,ARMING(15.0s) | CRUISE_DIRECTION_MODE,1000.0
2026-02-03T15:56:15.512580+00:00,141,0.0500,ARMING(15.0s) | CRUISE_DIRECTION_MODE,1000.0
2026-02-03T15:56:15.712580+00:00,143,0.0500,ARMING(15.0s) | CRUISE_DIRECTION_MODE,1000.0
2026-02-03T15:56:15.912580+00:00,145,0.0500,ARMING(15.0s) | CRUISE_DIRECTION_MODE,1000.0
2026-02-03T15:56:16.112580+00:00,147,0.0500,ARMING(14.0s) | CRUISE_DIRECTION_MODE,1000.0
2026-02-03T15:56:16.312580+00:00,149,0.0500,ARMING(14.0s) | CRUISE_DIRECTION_MODE,1000.0
2026-02-03T15:56:16.512580+00:00,151,0.0500,ARMING(14.0s) | CRUISE_DIRECTION_MODE,1000.0
2026-02-03T15:56:16.712580+00:00,153,0.0500,ARMING(14.0s) | CRUISE_DIRECTION_MODE,1000.0
2026-02-03T15:56:16.912580+00:00,155,0.0500,ARMING(14.0s) | CRUISE_DIRECTION_MODE,1000.0
2026-02-03T15:56:17.112580+00:00,157,0.0500,ARMING(13.0s) | CRUISE_DIRECTION_MODE,1000.0
2026-02-03T15:56:17.312580+00:00,159,0.0500,ARMING(13.0s) | CRUISE_DIRECTION_MODE,1000.0
2026-02-03T15:56:17.512580+00:00,161,0.0500,ARMING(13.0s) | CRUISE_DIRECTION_MODE,1000.0
2026-02-03T15:56:17.712580+00:00,163,0.0500,ARMING(13.0s) | CRUISE_DIRECTION_MODE,1000.0
2026-02-03T15:56:17.912580+00:00,165,0.0500,ARMING(13.0s) | CRUISE_DIRECTION_MODE,1000.0
2026-02-03T15:56:18.112580+00:00,167,0.0500,ARMING(12.0s) | CRUISE_DIRECTION_MODE,1000.0
2026-02-03T15:56:18.312580+00:00,169,0.0500,ARMING(12.0s) | CRUISE_DIRECTION_MODE,1000.0
2026-02-03T15:56:18.512580+00:00,171,0.0500,ARMING(12.0s) | CRUISE_DIRECTION_MODE,1000.0
2026-02-03T15:56:18.712580+00:00,173,0.0500,ARMING(12.0s) | CRUISE_DIRECTION_MODE,1000.0
2026-02-03T15:56:18.912580+00:00,175,0.0500,ARMING(12.0s) | CRUISE_DIRECTION_MODE,1000.0
2026-02-03T15:56:19.112580+00:00,177,0.0500,ARMING(11.0s) | CRUISE_DIRECTION_MODE,1000.0
2026-02-03T15:56:19.312580+00:00,179,0.0500,ARMING(11.0s) | CRUISE_DIRECTION_MODE,1000.0
2026-02-03T15:56:19.512580+00:00,181,0.0500,ARMING(11.0s) | CRUISE_DIRECTION_MODE,1000.0
2026-02-03T15:56:19.712580+00:00,183,0.0500,ARMING(11.0s) | CRUISE_DIRECTION_MODE,1000.0
2026-02-03T15:56:19.912580+00:00,185,0.0500,ARMING(11.0s) | CRUISE_DIRECTION_MODE,1000.0
2026-02-03T15:56:20.112580+00:00,187,0.0500,ARMING(10.0s) | CRUISE_DIRECTION_MODE,1000.0
2026-02-03T15:56:20.312580+00:00,189,0.0500,ARMING(10.0s) | CRUISE_DIRECTION_MODE,1000.0
2026-02-03T15:56:20.512580+00:00,191,0.0500,ARMING(10.0s) | CRUISE_DIRECTION_MODE,1000.0
2026-02-03T15:56:20.712580+00:00,193,0.0500,ARMING(10.0s) | CRUISE_DIRECTION_MODE,1000.0
2026-02-03T15:56:20.912580+00:00,195,0.0500,ARMING(10.0s) | CRUISE_DIRECTION_MODE,1000.0
2026-02-03T15:56:21.112580+00:00,197,0.0500,ARMING(9.0s) | CRUISE_DIRECTION_MODE,1000.0
2026-02-03T15:56:21.312580+00:00,199,0.0500,ARMING(9.0s) | CRUISE_DIRECTION_MODE,1000.0
2026-02-03T15:56:21.512580+00:00,201,0.0500,ARMING(9.0s) | CRUISE_DIRECTION_MODE,1000.0
2026-02-03T15:56:21.712580+00:00,203,0.0500,ARMING(9.0s) | CRUISE_DIRECTION_MODE,1000.0
2026-02-03T15:56:21.912580+00:00,205,0.0500,ARMING(9.0s) | CRUISE_DIRECTION_MODE,1000.0
2026-02-03T15:56:22.112580+00:00,207,0.0500,ARMING(8.0s) | CRUISE_DIRECTION_MODE,1000.0
2026-02-03T15:56:22.312580+00:00,209,0.0500,ARMING(8.0s) | CRUISE_DIRECTION_MODE,1000.0
2026-02-03T15:56:22.512580+00:00,211,0.0500,ARMING(8.0s) | CRUISE_DIRECTION_MODE,1000.0
2026-02-03T15:56:22.712580+00:00,213,0.0500,ARMING(8.0s) | CRUISE_DIRECTION_MODE,1000.0
2026-02-03T15:56:22.912580+00:00,215,0.0500,ARMING(8.0s) | CRUISE_DIRECTION_MODE,1000.0
2026-02-03T15:56:23.112580+00:00,217,0.0500,ARMING(7.0s) | CRUISE_DIRECTION_MODE,1000.0
2026-02-03T15:56:23.312580+00:00,219,0.0500,ARMING(7.0s) | CRUISE_DIRECTION_MODE,1000.0
2026-02-03T15:56:23.512580+00:00,221,0.0500,ARMING(7.0s) | CRUISE_DIRECTION_MODE,1000.0
2026-02-03T15:56:23.712580+00:00,223,0.0500,ARMING(7.0s) | CRUISE_DIRECTION_MODE,1000.0
2026-02-03T15:56:23.912580+00:00,225,0.0500,ARMING(7.0s) | CRUISE_DIRECTION_MODE,1000.0
2026-02-03T15:56:24.112580+00:00,227,0.0500,ARMING(6.0s) | CRUISE_DIRECTION_MODE,1000.0
2026-02-03T15:56:24.312580+00:00,229,0.0500,ARMING(6.0s) | CRUISE_DIRECTION_MODE,1000.0
2026-02-03T15:56:24.512580+00:00,231,0.0500,ARMING(6.0s) | CRUISE_DIRECTION_MODE,1000.0
2026-02-03T15:56:24.712580+00:00,233,0.0500,ARMING(6.0s) | CRUISE_DIRECTION_MODE,1000.0
2026-02-03T15:56:24.912580+00:00,235,0.0500,ARMING(6.0s) | CRUISE_DIRECTION_MODE,1000.0
2026-02-03T15:56:25.112580+00:00,237,0.0500,ARMING(5.0s) | CRUISE_DIRECTION_MODE,1000.0
2026-02-03T15:56:25.312580+00:00,239,0.0500,ARMING(5.0s) | CRUISE_DIRECTION_MODE,1000.0
2026-02-03T15:56:25.512580+00:00,241,0.0500,ARMING(5.0s) | CRUISE_DIRECTION_MODE,1000.0
2026-02-03T15:56:25.712580+00:00,243,0.0500,ARMING(5.0s) | CRUISE_DIRECTION_MODE,1000.0
2026-02-03T15:56:25.912580+00:00,245,0.0500,ARMING(5.0s) | CRUISE_DIRECTION_MODE,1000.0
2026-02-03T15:56:26.112580+00:00,247,0.0500,ARMING(4.0s) | CRUISE_DIRECTION_MODE,1000.0
2026-02-03T15:56:26.312580+00:00,249,0.0500,ARMING(4.0s) | CRUISE_DIRECTION_MODE,1000.0
2026-02-03T15:56:26.512580+00:00,251,0.0500,ARMING(4.0s) | CRUISE_DIRECTION_MODE,1000.0
2026-02-03T15:56:26.712580+00:00,253,0.0500,ARMING(4.0s) | CRUISE_DIRECTION_MODE,1000.0
2026-02-03T15:56:26.912580+00:00,255,0.0500,ARMING(4.0s) | CRUISE_DIRECTION_MODE,1000.0
2026-02-03T15:56:27.112580+00:00,257,0.0500,ARMING(3.0s) | CRUISE_DIRECTION_MODE,1000.0
2026-02-03T15:56:27.312580+00:00,259,0.0500,ARMING(3.0s) | CRUISE_DIRECTION_MODE,1000.0
2026-02-03T15:56:27.512580+00:00,261,0.0500,ARMING(3.0s) | CRUISE_DIRECTION_MODE,1000.0
2026-02-03T15:56:27.712580+00:00,263,0.0500,ARMING(3.0s) | CRUISE_DIRECTION_MODE,1000.0
2026-02-03T15:56:27.912580+00:00,265,0.0500,ARMING(3.0s) | CRUISE_DIRECTION_MODE,1000.0
2026-02-03T15:56:28.112580+00:00,267,0.0500,ARMING(2.0s) | CRUISE_DIRECTION_MODE,1000.0
2026-02-03T15:56:28.312580+00:00,269,0.0500,ARMING(2.0s) | CRUISE_DIRECTION_MODE,1000.0
2026-02-03T15:56:28.512580+00:00,271,0.0500,ARMING(2.0s) | CRUISE_DIRECTION_MODE,1000.0
2026-02-03T15:56:28.712580+00:00,273,0.0500,ARMING(2.0s) | CRUISE_DIRECTION_MODE,1000.0
2026-02-03T15:56:28.912580+00:00,275,0.0500,ARMING(2.0s) | CRUISE_DIRECTION_MODE,1000.0
2026-02-03T15:56:29.112580+00:00,277,0.0500,ARMING(1.0s) | CRUISE_DIRECTION_MODE,1000.0
2026-02-03T15:56:29.312580+00:00,279,0.0500,ARMING(1.0s) | CRUISE_DIRECTION_MODE,1000.0
2026-02-03T15:56:29.512580+00:00,281,0.0500,ARMING(1.0s) | CRUISE_DIRECTION_MODE,1000.0
2026-02-03T15:56:29.712580+00:00,283,0.0500,ARMING(1.0s) | CRUISE_DIRECTION_MODE,1000.0
2026-02-03T15:56:29.912580+00:00,285,0.0500,ARMING(1.0s) | CRUISE_DIRECTION_MODE,1000.0
2026-02-03T15:56:30.112580+00:00,287,0.0500,RISING(alt=0.05m;target=3.00m;timeout=20.0s) | CRUISE_DIRECTION_MODE,1600.0
2026-02-03T15:56:30.312580+00:00,289,0.2088,RISING(alt=0.05m;target=3.00m;timeout=20.0s) | CRUISE_DIRECTION_MODE,1600.0
2026-02-03T15:56:30.512580+00:00,291,0.4880,RISING(alt=0.05m;target=3.00m;timeout=20.0s) | CRUISE_DIRECTION_MODE,1600.0
2026-02-03T15:56:30.712580+00:00,293,0.7162,RISING(alt=0.05m;target=3.00m;timeout=20.0s) | CRUISE_DIRECTION_MODE,1600.0
2026-02-03T15:56:30.912580+00:00,295,0.8916,RISING(alt=0.05m;target=3.00m;timeout=20.0s) | CRUISE_DIRECTION_MODE,1600.0
2026-02-03T15:56:31.112580+00:00,297,1.0360,RISING(alt=0.94m;target=3.00m;timeout=19.0s) | CRUISE_DIRECTION_MODE,1600.0
2026-02-03T15:56:31.312580+00:00,299,1.1702,RISING(alt=0.94m;target=3.00m;timeout=19.0s) | CRUISE_DIRECTION_MODE,1600.0
2026-02-03T15:56:31.512580+00:00,301,1.2870,RISING(alt=0.94m;target=3.00m;timeout=19.0s) | CRUISE_DIRECTION_MODE,1600.0
2026-02-03T15:56:31.712580+00:00,303,1.4016,RISING(alt=0.94m;target=3.00m;timeout=19.0s) | CRUISE_DIRECTION_MODE,1600.0
2026-02-03T15:56:31.912580+00:00,305,1.5084,RISING(alt=0.94m;target=3.00m;timeout=19.0s) | CRUISE_DIRECTION_MODE,1600.0
2026-02-03T15:56:32.112580+00:00,307,1.6138,RISING(alt=1.54m;target=3.00m;timeout=18.0s) | CRUISE_DIRECTION_MODE,1600.0
2026-02-03T15:56:32.312580+00:00,309,1.7164,RISING(alt=1.54m;target=3.00m;timeout=18.0s) | CRUISE_DIRECTION_MODE,1600.0
2026-02-03T15:56:32.512580+00:00,311,1.8306,RISING(alt=1.54m;target=3.00m;timeout=18.0s) | CRUISE_DIRECTION_MODE,1600.0
2026-02-03T15:56:32.712580+00:00,313,1.9478,RISING(alt=1.54m;target=3.00m;timeout=18.0s) | CRUISE_DIRECTION_MODE,1600.0
2026-02-03T15:56:32.912580+00:00,315,2.0618,RISING(alt=1.54m;target=3.00m;timeout=18.0s) | CRUISE_DIRECTION_MODE,1600.0
2026-02-03T15:56:33.112580+00:00,316,2.1148,RISING(alt=2.10m;target=3.00m;timeout=17.0s) | CRUISE_DIRECTION_MODE,1600.0
2026-02-03T15:56:33.312580+00:00,318,2.3360,RISING(alt=2.10m;target=3.00m;timeout=17.0s) | CRUISE_DIRECTION_MODE,1600.0
2026-02-03T15:56:33.512580+00:00,320,2.4810,RISING(alt=2.10m;target=3.00m;timeout=17.0s) | CRUISE_DIRECTION_MODE,1600.0
2026-02-03T15:56:33.712580+00:00,322,2.6084,RISING(alt=2.10m;target=3.00m;timeout=17.0s) | CRUISE_DIRECTION_MODE,1600.0
2026-02-03T15:56:33.912580+00:00,324,2.7538,RISING(alt=2.10m;target=3.00m;timeout=17.0s) | CRUISE_DIRECTION_MODE,1600.0
2026-02-03T15:56:34.112580+00:00,326,2.9026,RISING(alt=2.80m;target=3.00m;timeout=16.0s) | CRUISE_DIRECTION_MODE,1600.0
2026-02-03T15:56:34.312580+00:00,328,3.0580,RISING(alt=2.80m;target=3.00m;timeout=16.0s) | CRUISE_DIRECTION_MODE,1500.0
2026-02-03T15:56:34.512580+00:00,330,3.2014,RISING(alt=2.80m;target=3.00m;timeout=16.0s) | CRUISE_DIRECTION_MODE,1500.0
2026-02-03T15:56:34.712580+00:00,332,3.3126,RISING(alt=2.80m;target=3.00m;timeout=16.0s) | CRUISE_DIRECTION_MODE,1500.0
2026-02-03T15:56:34.912580+00:00,334,3.4204,RISING(alt=2.80m;target=3.00m;timeout=16.0s) | CRUISE_DIRECTION_MODE,1500.0
2026-02-03T15:56:35.112580+00:00,336,3.5306,STABILIZING(2.2s) | CRUISE_DIRECTION_MODE,1500.0
2026-02-03T15:56:35.312580+00:00,338,3.6658,STABILIZING(2.2s) | CRUISE_DIRECTION_MODE,1500.0
2026-02-03T15:56:35.512580+00:00,340,3.8036,STABILIZING(2.2s) | CRUISE_DIRECTION_MODE,1500.0
2026-02-03T15:56:35.712580+00:00,342,3.9410,STABILIZING(2.2s) | CRUISE_DIRECTION_MODE,1500.0
2026-02-03T15:56:35.912580+00:00,344,4.0732,STABILIZING(2.2s) | CRUISE_DIRECTION_MODE,1500.0
2026-02-03T15:56:36.112580+00:00,346,4.2058,STABILIZING(1.2s) | CRUISE_DIRECTION_MODE,1500.0
2026-02-03T15:56:36.312580+00:00,348,4.3448,STABILIZING(1.2s) | CRUISE_DIRECTION_MODE,1500.0
2026-02-03T15:56:36.512580+00:00,350,4.4918,STABILIZING(1.2s) | CRUISE_DIRECTION_MODE,1500.0
2026-02-03T15:56:36.712580+00:00,352,4.6310,STABILIZING(1.2s) | CRUISE_DIRECTION_MODE,1500.0
2026-02-03T15:56:36.912580+00:00,354,4.7738,STABILIZING(1.2s) | CRUISE_DIRECTION_MODE,1500.0
2026-02-03T15:56:37.112580+00:00,356,4.9106,STABILIZING(0.2s) | CRUISE_DIRECTION_MODE,1500.0
2026-02-03T15:56:37.312580+00:00,358,5.0596,STABILIZING(0.2s) | CRUISE_DIRECTION_MODE,1500.0
2026-02-03T15:56:37.512580+00:00,360,5.2158,STABILIZING(0.2s) | CRUISE_DIRECTION_MODE,1500.0
2026-02-03T15:56:37.712580+00:00,362,5.3628,STABILIZING(0.2s) | CRUISE_DIRECTION_MODE,1500.0
2026-02-03T15:56:37.912580+00:00,364,5.5336,STABILIZING(0.2s) | CRUISE_DIRECTION_MODE,1500.0
2026-02-03T15:56:38.112580+00:00,365,5.6248,YAW_ALIGN(275.0°) | CRUISE_DIRECTION_MODE,1500.0
2026-02-03T15:56:38.312580+00:00,367,5.8926,YAW_ALIGN(275.0°) | CRUISE_DIRECTION_MODE,1500.0
2026-02-03T15:56:38.512580+00:00,369,6.0552,YAW_ALIGN(275.0°) | CRUISE_DIRECTION_MODE,1500.0
2026-02-03T15:56:38.712580+00:00,371,6.2522,YAW_ALIGN(275.0°) | CRUISE_DIRECTION_MODE,1500.0
2026-02-03T15:56:38.912580+00:00,373,6.4560,YAW_ALIGN(275.0°) | CRUISE_DIRECTION_MODE,1500.0
2026-02-03T15:56:39.112580+00:00,375,6.6482,YAW_ALIGN(279.0°) | CRUISE_DIRECTION_MODE,1500.0
2026-02-03T15:56:39.312580+00:00,377,6.8274,YAW_ALIGN(279.0°) | CRUISE_DIRECTION_MODE,1500.0
2026-02-03T15:56:39.512580+00:00,379,7.0148,YAW_ALIGN(279.0°) | CRUISE_DIRECTION_MODE,1500.0
2026-02-03T15:56:39.712580+00:00,381,7.2004,YAW_ALIGN(279.0°) | CRUISE_DIRECTION_MODE,1500.0
2026-02-03T15:56:39.912580+00:00,383,7.3780,YAW_ALIGN(279.0°) | CRUISE_DIRECTION_MODE,1500.0
2026-02-03T15:56:40.112580+00:00,385,7.5676,YAW_ALIGN(286.0°) | CRUISE_DIRECTION_MODE,1500.0
2026-02-03T15:56:40.312580+00:00,387,7.7472,YAW_ALIGN(286.0°) | CRUISE_DIRECTION_MODE,1500.0
2026-02-03T15:56:40.512580+00:00,389,7.9484,YAW_ALIGN(286.0°) | CRUISE_DIRECTION_MODE,1500.0
2026-02-03T15:56:40.712580+00:00,391,8.1176,YAW_ALIGN(286.0°) | CRUISE_DIRECTION_MODE,1500.0
2026-02-03T15:56:40.912580+00:00,393,8.3030,YAW_ALIGN(286.0°) | CRUISE_DIRECTION_MODE,1500.0
2026-02-03T15:56:41.112580+00:00,395,8.4640,YAW_ALIGN(289.0°) | CRUISE_DIRECTION_MODE,1500.0
2026-02-03T15:56:41.312580+00:00,397,8.6514,YAW_ALIGN(289.0°) | CRUISE_DIRECTION_MODE,1500.0
2026-02-03T15:56:41.512580+00:00,399,8.8530,YAW_ALIGN(289.0°) | CRUISE_DIRECTION_MODE,1500.0
2026-02-03T15:56:41.712580+00:00,401,9.0436,YAW_ALIGN(289.0°) | CRUISE_DIRECTION_MODE,1500.0
2026-02-03T15:56:41.912580+00:00,403,9.2474,YAW_ALIGN(289.0°) | CRUISE_DIRECTION_MODE,1500.0
2026-02-03T15:56:42.112580+00:00,405,9.4290,YAW_ALIGN(292.0°) | CRUISE_DIRECTION_MODE,1500.0
2026-02-03T15:56:42.312580+00:00,407,9.6418,YAW_ALIGN(292.0°) | CRUISE_DIRECTION_MODE,1500.0
2026-02-03T15:56:42.512580+00:00,409,9.8090,YAW_ALIGN(292.0°) | CRUISE_DIRECTION_MODE,1500.0
2026-02-03T15:56:42.712580+00:00,411,9.9922,YAW_ALIGN(292.0°) | CRUISE_DIRECTION_MODE,1500.0
2026-02-03T15:56:42.912580+00:00,413,10.1812,YAW_ALIGN(292.0°) | CRUISE_DIRECTION_MODE,1500.0
2026-02-03T15:56:43.112580+00:00,415,10.2794,YAW_ALIGN(300.0°) | CRUISE_DIRECTION_MODE,1500.0
2026-02-03T15:56:43.312580+00:00,417,10.5550,YAW_ALIGN(300.0°) | CRUISE_DIRECTION_MODE,1500.0
2026-02-03T15:56:43.512580+00:00,419,10.7494,YAW_ALIGN(300.0°) | CRUISE_DIRECTION_MODE,1500.0
2026-02-03T15:56:43.712580+00:00,421,10.9448,YAW_ALIGN(300.0°) | CRUISE_DIRECTION_MODE,1500.0
2026-02-03T15:56:43.912580+00:00,423,11.1266,YAW_ALIGN(300.0°) | CRUISE_DIRECTION_MODE,1500.0
2026-02-03T15:56:44.112580+00:00,425,11.3516,YAW_ALIGN(304.0°) | CRUISE_DIRECTION_MODE,1500.0
2026-02-03T15:56:44.312580+00:00,427,11.5340,YAW_ALIGN(304.0°) | CRUISE_DIRECTION_MODE,1500.0
2026-02-03T15:56:44.512580+00:00,429,11.7238,YAW_ALIGN(304.0°) | CRUISE_DIRECTION_MODE,1500.0
2026-02-03T15:56:44.712580+00:00,431,11.9110,YAW_ALIGN(304.0°) | CRUISE_DIRECTION_MODE,1500.0
2026-02-03T15:56:44.912580+00:00,433,12.0962,YAW_ALIGN(304.0°) | CRUISE_DIRECTION_MODE,1500.0
2026-02-03T15:56:45.112580+00:00,435,12.2752,YAW_ALIGN(313.0°) | CRUISE_DIRECTION_MODE,1500.0
2026-02-03T15:56:45.312580+00:00,437,12.4448,YAW_ALIGN(313.0°) | CRUISE_DIRECTION_MODE,1500.0
2026-02-03T15:56:45.512580+00:00,439,12.6324,YAW_ALIGN(313.0°) | CRUISE_DIRECTION_MODE,1500.0
2026-02-03T15:56:45.712580+00:00,441,12.7976,YAW_ALIGN(313.0°) | CRUISE_DIRECTION_MODE,1500.0
2026-02-03T15:56:45.912580+00:00,443,12.9666,YAW_ALIGN(313.0°) | CRUISE_DIRECTION_MODE,1500.0
2026-02-03T15:56:46.112580+00:00,445,13.1136,YAW_ALIGN(317.0°) | CRUISE_DIRECTION_MODE,1500.0
2026-02-03T15:56:46.312580+00:00,447,13.2732,YAW_ALIGN(317.0°) | CRUISE_DIRECTION_MODE,1500.0
2026-02-03T15:56:46.512580+00:00,449,13.4194,YAW_ALIGN(317.0°) | CRUISE_DIRECTION_MODE,1500.0
2026-02-03T15:56:46.712580+00:00,451,13.5968,YAW_ALIGN(317.0°) | CRUISE_DIRECTION_MODE,1500.0
2026-02-03T15:56:46.912580+00:00,453,13.7584,YAW_ALIGN(317.0°) | CRUISE_DIRECTION_MODE,1500.0
2026-02-03T15:56:47.112580+00:00,455,13.8930,YAW_ALIGN(327.0°) | CRUISE_DIRECTION_MODE,1500.0
2026-02-03T15:56:47.312580+00:00,457,14.0170,YAW_ALIGN(327.0°) | CRUISE_DIRECTION_MODE,1500.0
2026-02-03T15:56:47.512580+00:00,459,14.1292,YAW_ALIGN(327.0°) | CRUISE_DIRECTION_MODE,1500.0
2026-02-03T15:56:47.712580+00:00,461,14.2518,YAW_ALIGN(327.0°) | CRUISE_DIRECTION_MODE,1500.0
2026-02-03T15:56:47.912580+00:00,463,14.3352,YAW_ALIGN(327.0°) | CRUISE_DIRECTION_MODE,1500.0
2026-02-03T15:56:48.112580+00:00,465,14.3878,YAW_ALIGN(331.0°) | CRUISE_DIRECTION_MODE,1500.0
2026-02-03T15:56:48.312580+00:00,467,14.4974,YAW_ALIGN(331.0°) | CRUISE_DIRECTION_MODE,1500.0
2026-02-03T15:56:48.512580+00:00,469,14.5628,YAW_ALIGN(331.0°) | CRUISE_DIRECTION_MODE,1500.0
2026-02-03T15:56:48.712580+00:00,471,14.6266,YAW_ALIGN(331.0°) | CRUISE_DIRECTION_MODE,1500.0
2026-02-03T15:56:48.912580+00:00,473,14.6806,YAW_ALIGN(331.0°) | CRUISE_DIRECTION_MODE,1500.0
2026-02-03T15:56:49.112580+00:00,475,14.7372,YAW_ALIGN(335.0°) | CRUISE_DIRECTION_MODE,1500.0
2026-02-03T15:56:49.312580+00:00,477,14.7742,YAW_ALIGN(335.0°) | CRUISE_DIRECTION_MODE,1500.0
2026-02-03T15:56:49.512580+00:00,479,14.7930,YAW_ALIGN(335.0°) | CRUISE_DIRECTION_MODE,1500.0
2026-02-03T15:56:49.712580+00:00,481,14.8140,YAW_ALIGN(335.0°) | CRUISE_DIRECTION_MODE,1500.0
2026-02-03T15:56:49.912580+00:00,483,14.8436,YAW_ALIGN(335.0°) | CRUISE_DIRECTION_MODE,1500.0
2026-02-03T15:56:50.112580+00:00,485,14.8770,YAW_ALIGN(347.0°) | CRUISE_DIRECTION_MODE,1500.0
2026-02-03T15:56:50.312580+00:00,487,14.9036,YAW_ALIGN(347.0°) | CRUISE_DIRECTION_MODE,1500.0
2026-02-03T15:56:50.512580+00:00,489,14.9182,YAW_ALIGN(347.0°) | CRUISE_DIRECTION_MODE,1322.0
2026-02-03T15:56:50.712580+00:00,491,14.9968,YAW_ALIGN(347.0°) | CRUISE_DIRECTION_MODE,1320.0
2026-02-03T15:56:50.912580+00:00,493,14.8992,YAW_ALIGN(347.0°) | CRUISE_DIRECTION_MODE,1319.0
2026-02-03T15:56:51.112580+00:00,495,14.7662,READY | CRUISE_DIRECTION_MODE,1317.0
2026-02-03T15:56:51.312580+00:00,497,14.7128,READY | CRUISE_DIRECTION_MODE,1316.0
2026-02-03T15:56:51.512580+00:00,499,14.5988,READY | CRUISE_DIRECTION_MODE,1316.0
2026-02-03T15:56:51.712580+00:00,501,14.4770,READY | CRUISE_DIRECTION_MODE,1317.0
2026-02-03T15:56:51.912580+00:00,503,14.3732,READY | CRUISE_DIRECTION_MODE,1337.0
2026-02-03T15:56:52.112580+00:00,505,14.2782,READY | CRUISE_DIRECTION_MODE,1337.0
2026-02-03T15:56:52.312580+00:00,507,14.2182,READY | CRUISE_DIRECTION_MODE,1339.0
2026-02-03T15:56:52.512580+00:00,509,14.1364,READY | CRUISE_DIRECTION_MODE,1339.0
2026-02-03T15:56:52.712580+00:00,511,14.0652,READY | CRUISE_DIRECTION_MODE,1340.0
2026-02-03T15:56:52.912580+00:00,513,14.0148,READY | CRUISE_DIRECTION_MODE,1340.0
2026-02-03T15:56:53.112580+00:00,515,13.9968,READY | CRUISE_DIRECTION_MODE,1340.0
2026-02-03T15:56:53.312580+00:00,517,13.9046,READY | CRUISE_DIRECTION_MODE,1361.0
2026-02-03T15:56:53.512580+00:00,519,13.8182,READY | CRUISE_DIRECTION_MODE,1372.0
2026-02-03T15:56:53.712580+00:00,521,13.7644,READY | CRUISE_DIRECTION_MODE,1372.0
2026-02-03T15:56:53.912580+00:00,523,13.7262,READY | CRUISE_DIRECTION_MODE,1368.0
2026-02-03T15:56:54.112580+00:00,525,13.6582,READY | CRUISE_DIRECTION_MODE,1367.0
2026-02-03T15:56:54.312580+00:00,527,13.5906,READY | CRUISE_DIRECTION_MODE,1368.0
2026-02-03T15:56:54.512580+00:00,529,13.5180,READY | CRUISE_DIRECTION_MODE,1385.0
2026-02-03T15:56:54.712580+00:00,531,13.4368,READY | CRUISE_DIRECTION_MODE,1366.0
2026-02-03T15:56:54.912580+00:00,533,13.3642,READY | CRUISE_DIRECTION_MODE,1368.0
2026-02-03T15:56:55.112580+00:00,535,13.2936,READY | CRUISE_DIRECTION_MODE,1368.0
2026-02-03T15:56:55.312580+00:00,537,13.2300,READY | CRUISE_DIRECTION_MODE,1380.0
2026-02-03T15:56:55.512580+00:00,539,13.1510,READY | CRUISE_DIRECTION_MODE,1381.0
2026-02-03T15:56:55.712580+00:00,541,13.0972,READY | CRUISE_DIRECTION_MODE,1380.0
2026-02-03T15:56:55.912580+00:00,543,13.0202,READY | CRUISE_DIRECTION_MODE,1380.0
2026-02-03T15:56:56.112580+00:00,545,12.9518,READY | CRUISE_DIRECTION_MODE,1386.0
2026-02-03T15:56:56.312580+00:00,547,12.8934,READY | CRUISE_DIRECTION_MODE,1386.0
2026-02-03T15:56:56.512580+00:00,549,12.8316,READY | CRUISE_DIRECTION_MODE,1386.0
2026-02-03T15:56:56.712580+00:00,551,12.7560,READY | CRUISE_DIRECTION_MODE,1386.0
2026-02-03T15:56:56.912580+00:00,553,12.6934,READY | CRUISE_DIRECTION_MODE,1387.0
2026-02-03T15:56:57.112580+00:00,555,12.6226,READY | CRUISE_DIRECTION_MODE,1387.0
2026-02-03T15:56:57.312580+00:00,557,12.5634,READY | CRUISE_DIRECTION_MODE,1387.0
2026-02-03T15:56:57.512580+00:00,559,12.4800,READY | CRUISE_DIRECTION_MODE,1389.0
2026-02-03T15:56:57.712580+00:00,561,12.4160,READY | CRUISE_DIRECTION_MODE,1388.0
2026-02-03T15:56:57.912580+00:00,563,12.3444,READY | CRUISE_DIRECTION_MODE,1389.0
2026-02-03T15:56:58.112580+00:00,565,12.2614,READY | CRUISE_DIRECTION_MODE,1382.0
2026-02-03T15:56:58.312580+00:00,567,12.1798,READY | CRUISE_DIRECTION_MODE,1380.0
2026-02-03T15:56:58.512580+00:00,569,12.1078,READY | CRUISE_DIRECTION_MODE,1380.0
2026-02-03T15:56:58.712580+00:00,571,12.0248,READY | CRUISE_DIRECTION_MODE,1380.0
2026-02-03T15:56:58.912580+00:00,573,11.9426,READY | CRUISE_DIRECTION_MODE,1388.0
2026-02-03T15:56:59.112580+00:00,575,11.8752,READY | CRUISE_DIRECTION_MODE,1388.0
2026-02-03T15:56:59.312580+00:00,577,11.8062,READY | CRUISE_DIRECTION_MODE,1388.0
2026-02-03T15:56:59.512580+00:00,579,11.7478,READY | CRUISE_DIRECTION_MODE,1388.0
2026-02-03T15:56:59.712580+00:00,581,11.6994,READY | CRUISE_DIRECTION_MODE,1385.0
2026-02-03T15:56:59.912580+00:00,583,11.6780,READY | CRUISE_DIRECTION_MODE,1385.0
2026-02-03T15:57:00.112580+00:00,585,11.6494,READY | CRUISE_DIRECTION_MODE,1384.0
2026-02-03T15:57:00.312580+00:00,587,11.5964,READY | CRUISE_DIRECTION_MODE,1381.0
2026-02-03T15:57:00.512580+00:00,589,11.5798,READY | CRUISE_DIRECTION_MODE,1382.0
2026-02-03T15:57:00.712580+00:00,591,11.5310,READY | CRUISE_DIRECTION_MODE,1381.0
2026-02-03T15:57:00.912580+00:00,593,11.4850,READY | CRUISE_DIRECTION_MODE,1379.0
2026-02-03T15:57:01.112580+00:00,595,11.4890,READY | CRUISE_DIRECTION_MODE,1379.0
2026-02-03T15:57:01.312580+00:00,597,11.4404,READY | CRUISE_DIRECTION_MODE,1379.0
2026-02-03T15:57:01.512580+00:00,599,11.4008,READY | CRUISE_DIRECTION_MODE,1379.0
2026-02-03T15:57:01.712580+00:00,601,11.3834,READY | CRUISE_DIRECTION_MODE,1397.0
2026-02-03T15:57:01.912580+00:00,603,11.3604,READY | CRUISE_DIRECTION_MODE,1400.0
2026-02-03T15:57:02.112580+00:00,605,11.3432,READY | CRUISE_DIRECTION_MODE,1399.0
2026-02-03T15:57:02.312580+00:00,607,11.3418,READY | CRUISE_DIRECTION_MODE,1398.0
2026-02-03T15:57:02.512580+00:00,609,11.3328,READY | CRUISE_DIRECTION_MODE,1396.0
2026-02-03T15:57:02.712580+00:00,611,11.3392,READY | CRUISE_DIRECTION_MODE,1396.0
2026-02-03T15:57:02.912580+00:00,613,11.3256,READY | CRUISE_DIRECTION_MODE,1397.0
2026-02-03T15:57:03.112580+00:00,615,11.3290,READY | CRUISE_DIRECTION_MODE,1425.0
2026-02-03T15:57:03.312580+00:00,617,11.3442,READY | CRUISE_DIRECTION_MODE,1425.0
2026-02-03T15:57:03.512580+00:00,619,11.3730,READY | CRUISE_DIRECTION_MODE,1424.0
2026-02-03T15:57:03.712580+00:00,621,11.3970,READY | CRUISE_DIRECTION_MODE,1445.0
2026-02-03T15:57:03.912580+00:00,623,11.4282,READY | CRUISE_DIRECTION_MODE,1447.0
2026-02-03T15:57:04.112580+00:00,625,11.4720,READY | CRUISE_DIRECTION_MODE,1446.0
2026-02-03T15:57:04.312580+00:00,627,11.5172,READY | CRUISE_DIRECTION_MODE,1444.0
2026-02-03T15:57:04.512580+00:00,629,11.5864,READY | CRUISE_DIRECTION_MODE,1442.0
2026-02-03T15:57:04.712580+00:00,631,11.6320,READY | CRUISE_DIRECTION_MODE,1442.0
2026-02-03T15:57:04.912580+00:00,633,11.6940,READY | CRUISE_DIRECTION_MODE,1442.0
2026-02-03T15:57:05.112580+00:00,635,11.7288,READY | CRUISE_DIRECTION_MODE,1442.0
2026-02-03T15:57:05.312580+00:00,637,11.7874,READY | CRUISE_DIRECTION_MODE,1416.0
2026-02-03T15:57:05.512580+00:00,639,11.8406,READY | CRUISE_DIRECTION_MODE,1415.0
2026-02-03T15:57:05.712580+00:00,641,11.8886,READY | CRUISE_DIRECTION_MODE,1416.0
2026-02-03T15:57:05.912580+00:00,643,11.9672,READY | CRUISE_DIRECTION_MODE,1418.0
2026-02-03T15:57:06.112580+00:00,645,12.0394,READY | CRUISE_DIRECTION_MODE,1418.0
2026-02-03T15:57:06.312580+00:00,647,12.1050,READY | CRUISE_DIRECTION_MODE,1417.0
2026-02-03T15:57:06.512580+00:00,649,12.1540,READY | CRUISE_DIRECTION_MODE,1416.0
2026-02-03T15:57:06.712580+00:00,651,12.2068,READY | CRUISE_DIRECTION_MODE,1389.0
2026-02-03T15:57:06.912580+00:00,653,12.2402,READY | CRUISE_DIRECTION_MODE,1389.0
2026-02-03T15:57:07.112580+00:00,655,12.2694,READY | CRUISE_DIRECTION_MODE,1392.0
2026-02-03T15:57:07.312580+00:00,657,12.2934,READY | CRUISE_DIRECTION_MODE,1390.0
2026-02-03T15:57:07.512580+00:00,659,12.3144,READY | CRUISE_DIRECTION_MODE,1389.0
2026-02-03T15:57:07.712580+00:00,661,12.3408,READY | CRUISE_DIRECTION_MODE,1389.0
2026-02-03T15:57:07.912580+00:00,663,12.3562,READY | CRUISE_DIRECTION_MODE,1390.0
2026-02-03T15:57:08.112580+00:00,665,12.3724,READY | CRUISE_DIRECTION_MODE,1390.0
2026-02-03T15:57:08.312580+00:00,667,12.4014,READY | CRUISE_DIRECTION_MODE,1390.0
2026-02-03T15:57:08.512580+00:00,669,12.4304,READY | CRUISE_DIRECTION_MODE,1390.0
2026-02-03T15:57:08.712580+00:00,671,12.4598,READY | CRUISE_DIRECTION_MODE,1387.0
2026-02-03T15:57:08.912580+00:00,673,12.5034,READY | CRUISE_DIRECTION_MODE,1387.0
2026-02-03T15:57:09.112580+00:00,675,12.5090,READY | CRUISE_DIRECTION_MODE,1387.0
2026-02-03T15:57:09.312580+00:00,677,12.5140,READY | CRUISE_DIRECTION_MODE,1386.0
2026-02-03T15:57:09.512580+00:00,679,12.5444,READY | CRUISE_DIRECTION_MODE,1385.0
2026-02-03T15:57:09.712580+00:00,681,12.5516,READY | CRUISE_DIRECTION_MODE,1385.0
2026-02-03T15:57:09.912580+00:00,683,12.5496,READY | CRUISE_DIRECTION_MODE,1385.0
2026-02-03T15:57:10.112580+00:00,685,12.5524,READY | CRUISE_DIRECTION_MODE,1383.0
2026-02-03T15:57:10.312580+00:00,687,12.5616,READY | CRUISE_DIRECTION_MODE,1382.0
2026-02-03T15:57:10.512580+00:00,689,12.5716,READY | CRUISE_DIRECTION_MODE,1382.0
2026-02-03T15:57:10.712580+00:00,691,12.5830,READY | CRUISE_DIRECTION_MODE,1382.0
2026-02-03T15:57:10.912580+00:00,693,12.5806,READY | CRUISE_DIRECTION_MODE,1381.0
2026-02-03T15:57:11.112580+00:00,695,12.5870,READY | CRUISE_DIRECTION_MODE,1381.0
2026-02-03T15:57:11.312580+00:00,697,12.5922,READY | CRUISE_DIRECTION_MODE,1381.0
2026-02-03T15:57:11.512580+00:00,699,12.5978,READY | CRUISE_DIRECTION_MODE,1376.0
2026-02-03T15:57:11.712580+00:00,701,12.6032,READY | CRUISE_DIRECTION_MODE,1376.0
2026-02-03T15:57:11.912580+00:00,703,12.6008,READY | CRUISE_DIRECTION_MODE,1375.0
2026-02-03T15:57:12.112580+00:00,705,12.5976,READY | CRUISE_DIRECTION_MODE,1368.0
2026-02-03T15:57:12.312580+00:00,707,12.5890,READY | CRUISE_DIRECTION_MODE,1367.0
2026-02-03T15:57:12.512580+00:00,709,12.5824,READY | CRUISE_DIRECTION_MODE,1367.0
2026-02-03T15:57:12.712580+00:00,711,12.5726,READY | CRUISE_DIRECTION_MODE,1366.0
2026-02-03T15:57:12.912580+00:00,713,12.5598,READY | CRUISE_DIRECTION_MODE,1367.0
2026-02-03T15:57:13.112580+00:00,715,12.5460,READY | CRUISE_DIRECTION_MODE,1367.0
2026-02-03T15:57:13.312580+00:00,717,12.5334,READY | CRUISE_DIRECTION_MODE,1367.0
2026-02-03T15:57:13.512580+00:00,719,12.5176,READY | CRUISE_DIRECTION_MODE,1367.0
2026-02-03T15:57:13.712580+00:00,721,12.5114,READY | CRUISE_DIRECTION_MODE,1367.0
2026-02-03T15:57:13.912580+00:00,723,12.5024,READY | CRUISE_DIRECTION_MODE,1367.0
2026-02-03T15:57:14.112580+00:00,725,12.4900,READY | CRUISE_DIRECTION_MODE,1367.0
2026-02-03T15:57:14.312580+00:00,727,12.4672,READY | CRUISE_DIRECTION_MODE,1372.0
2026-02-03T15:57:14.512580+00:00,729,12.4576,READY | CRUISE_DIRECTION_MODE,1373.0
2026-02-03T15:57:14.712580+00:00,731,12.4380,READY | CRUISE_DIRECTION_MODE,1373.0
2026-02-03T15:57:14.912580+00:00,733,12.4194,READY | CRUISE_DIRECTION_MODE,1374.0
2026-02-03T15:57:15.112580+00:00,735,12.4100,READY | CRUISE_DIRECTION_MODE,1379.0
2026-02-03T15:57:15.312580+00:00,737,12.4046,READY | CRUISE_DIRECTION_MODE,1379.0
2026-02-03T15:57:15.512580+00:00,739,12.3940,READY | CRUISE_DIRECTION_MODE,1380.0
2026-02-03T15:57:15.712580+00:00,741,12.3932,READY | CRUISE_DIRECTION_MODE,1383.0
2026-02-03T15:57:15.912580+00:00,743,12.3902,READY | CRUISE_DIRECTION_MODE,1383.0
2026-02-03T15:57:16.112580+00:00,745,12.3832,READY | CRUISE_DIRECTION_MODE,1383.0
2026-02-03T15:57:16.312580+00:00,747,12.4030,READY | CRUISE_DIRECTION_MODE,1383.0
2026-02-03T15:57:16.512580+00:00,749,12.4022,READY | CRUISE_DIRECTION_MODE,1382.0
2026-02-03T15:57:16.712580+00:00,751,12.4028,READY | CRUISE_DIRECTION_MODE,1382.0
2026-02-03T15:57:16.912580+00:00,753,12.4016,READY | CRUISE_DIRECTION_MODE,1381.0
2026-02-03T15:57:17.112580+00:00,755,12.4016,READY | CRUISE_DIRECTION_MODE,1381.0
2026-02-03T15:57:17.312580+00:00,757,12.3894,READY | CRUISE_DIRECTION_MODE,1382.0
2026-02-03T15:57:17.512580+00:00,759,12.3872,READY | CRUISE_DIRECTION_MODE,1383.0
2026-02-03T15:57:17.712580+00:00,761,12.3834,READY | CRUISE_DIRECTION_MODE,1383.0
2026-02-03T15:57:17.912580+00:00,763,12.3808,READY | CRUISE_DIRECTION_MODE,1383.0
2026-02-03T15:57:18.112580+00:00,765,12.3812,READY | CRUISE_DIRECTION_MODE,1383.0
2026-02-03T15:57:18.312580+00:00,767,12.3728,READY | CRUISE_DIRECTION_MODE,1383.0
2026-02-03T15:57:18.512580+00:00,769,12.3716,READY | CRUISE_DIRECTION_MODE,1384.0
2026-02-03T15:57:18.712580+00:00,771,12.3684,READY | CRUISE_DIRECTION_MODE,1384.0
2026-02-03T15:57:18.912580+00:00,773,12.3680,READY | CRUISE_DIRECTION_MODE,1384.0
2026-02-03T15:57:19.112580+00:00,775,12.3710,READY | CRUISE_DIRECTION_MODE,1367.0
2026-02-03T15:57:19.312580+00:00,777,12.3626,READY | CRUISE_DIRECTION_MODE,1369.0
2026-02-03T15:57:19.512580+00:00,779,12.3490,READY | CRUISE_DIRECTION_MODE,1369.0
2026-02-03T15:57:19.712580+00:00,781,12.3330,READY | CRUISE_DIRECTION_MODE,1371.0
2026-02-03T15:57:19.912580+00:00,783,12.3170,READY | CRUISE_DIRECTION_MODE,1372.0
2026-02-03T15:57:20.112580+00:00,785,12.2980,READY | CRUISE_DIRECTION_MODE,1373.0
2026-02-03T15:57:20.312580+00:00,787,12.2840,READY | CRUISE_DIRECTION_MODE,1374.0
2026-02-03T15:57:20.512580+00:00,789,12.2518,READY | CRUISE_DIRECTION_MODE,1373.0
2026-02-03T15:57:20.712580+00:00,791,12.2264,READY | CRUISE_DIRECTION_MODE,1372.0
2026-02-03T15:57:20.912580+00:00,793,12.2130,READY | CRUISE_DIRECTION_MODE,1373.0
2026-02-03T15:57:21.112580+00:00,795,12.1928,READY | CRUISE_DIRECTION_MODE,1372.0
2026-02-03T15:57:21.312580+00:00,797,12.1692,READY | CRUISE_DIRECTION_MODE,1372.0
2026-02-03T15:57:21.512580+00:00,799,12.1394,READY | CRUISE_DIRECTION_MODE,1372.0
2026-02-03T15:57:21.712580+00:00,801,12.1256,READY | CRUISE_DIRECTION_MODE,1372.0
2026-02-03T15:57:21.912580+00:00,803,12.1244,READY | CRUISE_DIRECTION_MODE,1370.0
2026-02-03T15:57:22.112580+00:00,805,12.1190,READY | CRUISE_DIRECTION_MODE,1369.0
2026-02-03T15:57:22.312580+00:00,807,12.0834,READY | CRUISE_DIRECTION_MODE,1369.0
2026-02-03T15:57:22.512580+00:00,809,12.0510,READY | CRUISE_DIRECTION_MODE,1369.0
2026-02-03T15:57:22.712580+00:00,811,12.0204,READY | CRUISE_DIRECTION_MODE,1373.0
2026-02-03T15:57:22.912580+00:00,813,11.9988,READY | CRUISE_DIRECTION_MODE,1373.0
2026-02-03T15:57:23.112580+00:00,815,11.9842,READY | CRUISE_DIRECTION_MODE,1373.0
2026-02-03T15:57:23.312580+00:00,817,11.9464,READY | CRUISE_DIRECTION_MODE,1370.0
2026-02-03T15:57:23.512580+00:00,819,11.9140,READY | CRUISE_DIRECTION_MODE,1369.0
2026-02-03T15:57:23.712580+00:00,821,11.8838,READY | CRUISE_DIRECTION_MODE,1369.0
2026-02-03T15:57:23.912580+00:00,823,11.8394,READY | CRUISE_DIRECTION_MODE,1368.0
2026-02-03T15:57:24.112580+00:00,825,11.8024,READY | CRUISE_DIRECTION_MODE,1376.0
2026-02-03T15:57:24.312580+00:00,827,11.7474,READY | CRUISE_DIRECTION_MODE,1378.0
2026-02-03T15:57:24.512580+00:00,829,11.6980,READY | CRUISE_DIRECTION_MODE,1378.0
2026-02-03T15:57:24.712580+00:00,831,11.6376,READY | CRUISE_DIRECTION_MODE,1388.0
2026-02-03T15:57:24.912580+00:00,833,11.6372,READY | CRUISE_DIRECTION_MODE,1386.0
2026-02-03T15:57:25.112580+00:00,835,11.6382,READY | CRUISE_DIRECTION_MODE,1386.0
2026-02-03T15:57:25.312580+00:00,837,11.6030,READY | CRUISE_DIRECTION_MODE,1386.0
2026-02-03T15:57:25.512580+00:00,839,11.5612,READY | CRUISE_DIRECTION_MODE,1399.0
2026-02-03T15:57:25.712580+00:00,841,11.5260,READY | CRUISE_DIRECTION_MODE,1398.0
2026-02-03T15:57:25.912580+00:00,843,11.5150,READY | CRUISE_DIRECTION_MODE,1398.0
2026-02-03T15:57:26.112580+00:00,845,11.5030,READY | CRUISE_DIRECTION_MODE,1394.0
2026-02-03T15:57:26.312580+00:00,847,11.4838,READY | CRUISE_DIRECTION_MODE,1393.0
2026-02-03T15:57:26.512580+00:00,849,11.4802,READY | CRUISE_DIRECTION_MODE,1393.0
2026-02-03T15:57:26.712580+00:00,851,11.4776,READY | CRUISE_DIRECTION_MODE,1392.0
2026-02-03T15:57:26.912580+00:00,853,11.4440,READY | CRUISE_DIRECTION_MODE,1393.0
2026-02-03T15:57:27.112580+00:00,855,11.4288,READY | CRUISE_DIRECTION_MODE,1393.0
2026-02-03T15:57:27.312580+00:00,857,11.3970,READY | CRUISE_DIRECTION_MODE,1393.0
2026-02-03T15:57:27.512580+00:00,859,11.3702,READY | CRUISE_DIRECTION_MODE,1393.0
2026-02-03T15:57:27.712580+00:00,861,11.3376,READY | CRUISE_DIRECTION_MODE,1397.0
2026-02-03T15:57:27.912580+00:00,863,11.3398,READY | CRUISE_DIRECTION_MODE,1397.0
2026-02-03T15:57:28.112580+00:00,865,11.3264,READY | CRUISE_DIRECTION_MODE,1397.0
2026-02-03T15:57:28.312580+00:00,867,11.3298,READY | CRUISE_DIRECTION_MODE,1398.0
2026-02-03T15:57:28.512580+00:00,869,11.2968,READY | CRUISE_DIRECTION_MODE,1399.0
2026-02-03T15:57:28.712580+00:00,871,11.2862,READY | CRUISE_DIRECTION_MODE,1399.0
2026-02-03T15:57:28.912580+00:00,873,11.2858,READY | CRUISE_DIRECTION_MODE,1398.0
2026-02-03T15:57:29.112580+00:00,875,11.2320,READY | CRUISE_DIRECTION_MODE,1399.0
2026-02-03T15:57:29.312580+00:00,877,11.2640,READY | CRUISE_DIRECTION_MODE,1399.0
2026-02-03T15:57:29.512580+00:00,879,11.2362,READY | CRUISE_DIRECTION_MODE,1398.0
2026-02-03T15:57:29.712580+00:00,881,11.2018,READY | CRUISE_DIRECTION_MODE,1400.0
2026-02-03T15:57:29.912580+00:00,883,11.2096,READY | CRUISE_DIRECTION_MODE,1401.0
2026-02-03T15:57:30.112580+00:00,885,11.2226,READY | CRUISE_DIRECTION_MODE,1401.0
2026-02-03T15:57:30.312580+00:00,887,11.0402,READY | CRUISE_DIRECTION_MODE,1402.0
2026-02-03T15:57:30.512580+00:00,889,11.2164,READY | CRUISE_DIRECTION_MODE,1401.0
2026-02-03T15:57:30.712580+00:00,891,11.2068,READY | CRUISE_DIRECTION_MODE,1401.0
2026-02-03T15:57:30.912580+00:00,893,11.2218,READY | CRUISE_DIRECTION_MODE,1401.0
2026-02-03T15:57:31.112580+00:00,895,11.2096,READY | CRUISE_DIRECTION_MODE,1424.0
2026-02-03T15:57:31.312580+00:00,897,11.2048,READY | CRUISE_DIRECTION_MODE,1424.0
2026-02-03T15:57:31.512580+00:00,899,11.2148,READY | CRUISE_DIRECTION_MODE,1423.0
2026-02-03T15:57:31.712580+00:00,901,11.2394,READY | CRUISE_DIRECTION_MODE,1433.0
2026-02-03T15:57:31.912580+00:00,903,11.2482,READY | CRUISE_DIRECTION_MODE,1427.0
2026-02-03T15:57:32.112580+00:00,905,11.2610,READY | CRUISE_DIRECTION_MODE,1427.0
2026-02-03T15:57:32.312580+00:00,907,11.2876,READY | CRUISE_DIRECTION_MODE,1424.0
2026-02-03T15:57:32.512580+00:00,909,11.3170,READY | CRUISE_DIRECTION_MODE,1424.0
2026-02-03T15:57:32.712580+00:00,911,11.3476,READY | CRUISE_DIRECTION_MODE,1423.0
2026-02-03T15:57:32.912580+00:00,913,11.3740,READY | CRUISE_DIRECTION_MODE,1423.0
2026-02-03T15:57:33.112580+00:00,915,11.3954,READY | CRUISE_DIRECTION_MODE,1423.0
2026-02-03T15:57:33.312580+00:00,917,11.4158,READY | CRUISE_DIRECTION_MODE,1421.0
2026-02-03T15:57:33.512580+00:00,919,11.4402,READY | CRUISE_DIRECTION_MODE,1421.0
2026-02-03T15:57:33.712580+00:00,921,11.4768,READY | CRUISE_DIRECTION_MODE,1420.0
2026-02-03T15:57:33.912580+00:00,923,11.4932,READY | CRUISE_DIRECTION_MODE,1420.0
2026-02-03T15:57:34.112580+00:00,925,11.5186,READY | CRUISE_DIRECTION_MODE,1419.0
2026-02-03T15:57:34.312580+00:00,927,11.5368,READY | CRUISE_DIRECTION_MODE,1419.0
2026-02-03T15:57:34.512580+00:00,929,11.5684,READY | CRUISE_DIRECTION_MODE,1418.0
2026-02-03T15:57:34.712580+00:00,931,11.5990,READY | CRUISE_DIRECTION_MODE,1415.0
2026-02-03T15:57:34.912580+00:00,933,11.6190,READY | CRUISE_DIRECTION_MODE,1415.0
2026-02-03T15:57:35.112580+00:00,935,11.6514,READY | CRUISE_DIRECTION_MODE,1414.0
2026-02-03T15:57:35.312580+00:00,937,11.6690,READY | CRUISE_DIRECTION_MODE,1415.0
2026-02-03T15:57:35.512580+00:00,939,11.6754,READY | CRUISE_DIRECTION_MODE,1415.0
2026-02-03T15:57:35.712580+00:00,941,11.7044,READY | CRUISE_DIRECTION_MODE,1415.0
2026-02-03T15:57:35.912580+00:00,943,11.7318,READY | CRUISE_DIRECTION_MODE,1415.0
2026-02-03T15:57:36.112580+00:00,945,11.7528,READY | CRUISE_DIRECTION_MODE,1413.0
2026-02-03T15:57:36.312580+00:00,947,11.7702,READY | CRUISE_DIRECTION_MODE,1413.0
2026-02-03T15:57:36.512580+00:00,949,11.7828,READY | CRUISE_DIRECTION_MODE,1413.0
2026-02-03T15:57:36.712580+00:00,951,11.7980,READY | CRUISE_DIRECTION_MODE,1388.0
2026-02-03T15:57:36.912580+00:00,953,11.8088,READY | CRUISE_DIRECTION_MODE,1388.0
2026-02-03T15:57:37.112580+00:00,955,11.8210,READY | CRUISE_DIRECTION_MODE,1388.0
2026-02-03T15:57:37.312580+00:00,957,11.8214,READY | CRUISE_DIRECTION_MODE,1397.0
2026-02-03T15:57:37.512580+00:00,959,11.8116,READY | CRUISE_DIRECTION_MODE,1398.0
2026-02-03T15:57:37.712580+00:00,961,11.8072,READY | CRUISE_DIRECTION_MODE,1398.0
2026-02-03T15:57:37.912580+00:00,963,11.8060,READY | CRUISE_DIRECTION_MODE,1399.0
2026-02-03T15:57:38.112580+00:00,965,11.7958,READY | CRUISE_DIRECTION_MODE,1398.0
2026-02-03T15:57:38.312580+00:00,967,11.7884,READY | CRUISE_DIRECTION_MODE,1398.0
2026-02-03T15:57:38.512580+00:00,969,11.7740,READY | CRUISE_DIRECTION_MODE,1398.0
2026-02-03T15:57:38.712580+00:00,971,11.7752,READY | CRUISE_DIRECTION_MODE,1400.0
2026-02-03T15:57:38.912580+00:00,973,11.7686,READY | CRUISE_DIRECTION_MODE,1400.0
2026-02-03T15:57:39.112580+00:00,975,11.7566,READY | CRUISE_DIRECTION_MODE,1400.0
2026-02-03T15:57:39.312580+00:00,977,11.7566,READY | CRUISE_DIRECTION_MODE,1400.0
2026-02-03T15:57:39.512580+00:00,979,11.7508,READY | CRUISE_DIRECTION_MODE,1399.0
2026-02-03T15:57:39.712580+00:00,981,11.7454,READY | CRUISE_DIRECTION_MODE,1399.0
2026-02-03T15:57:39.912580+00:00,983,11.7506,READY | CRUISE_DIRECTION_MODE,1399.0
2026-02-03T15:57:40.112580+00:00,985,11.7666,READY | CRUISE_DIRECTION_MODE,1399.0
2026-02-03T15:57:40.312580+00:00,987,11.7760,READY | CRUISE_DIRECTION_MODE,1396.0
2026-02-03T15:57:40.512580+00:00,989,11.7786,READY | CRUISE_DIRECTION_MODE,1396.0
2026-02-03T15:57:40.712580+00:00,991,11.7880,READY | CRUISE_DIRECTION_MODE,1396.0
2026-02-03T15:57:40.912580+00:00,993,11.7944,READY | CRUISE_DIRECTION_MODE,1392.0
2026-02-03T15:57:41.112580+00:00,995,11.7710,READY | CRUISE_DIRECTION_MODE,1392.0
2026-02-03T15:57:41.312580+00:00,997,11.7402,READY | CRUISE_DIRECTION_MODE,1392.0
2026-02-03T15:57:41.512580+00:00,999,11.7294,READY | CRUISE_DIRECTION_MODE,1392.0
2026-02-03T15:57:41.712580+00:00,1001,11.7284,READY | CRUISE_DIRECTION_MODE,1420.0
2026-02-03T15:57:41.912580+00:00,1003,11.6996,READY | CRUISE_DIRECTION_MODE,1420.0
2026-02-03T15:57:42.112580+00:00,1005,11.7070,READY | CRUISE_DIRECTION_MODE,1419.0
2026-02-03T15:57:42.312580+00:00,1007,11.6776,READY | CRUISE_DIRECTION_MODE,1418.0
2026-02-03T15:57:42.512580+00:00,1009,11.7150,READY | CRUISE_DIRECTION_MODE,1421.0
2026-02-03T15:57:42.712580+00:00,1011,11.7370,READY | CRUISE_DIRECTION_MODE,1421.0
2026-02-03T15:57:42.912580+00:00,1013,11.7404,READY | CRUISE_DIRECTION_MODE,1422.0
2026-02-03T15:57:43.112580+00:00,1015,11.7178,READY | CRUISE_DIRECTION_MODE,1419.0
2026-02-03T15:57:43.312580+00:00,1017,11.6992,READY | CRUISE_DIRECTION_MODE,1419.0
2026-02-03T15:57:43.512580+00:00,1019,11.6956,READY | CRUISE_DIRECTION_MODE,1417.0
2026-02-03T15:57:43.712580+00:00,1021,11.7226,READY | CRUISE_DIRECTION_MODE,1417.0
2026-02-03T15:57:43.912580+00:00,1023,11.7278,READY | CRUISE_DIRECTION_MODE,1417.0
2026-02-03T15:57:44.112580+00:00,1025,11.7154,READY | CRUISE_DIRECTION_MODE,1417.0
2026-02-03T15:57:44.312580+00:00,1027,11.7016,READY | CRUISE_DIRECTION_MODE,1418.0
2026-02-03T15:57:44.512580+00:00,1029,11.6868,READY | CRUISE_DIRECTION_MODE,1420.0
2026-02-03T15:57:44.712580+00:00,1031,11.6656,READY | CRUISE_DIRECTION_MODE,1420.0
2026-02-03T15:57:44.912580+00:00,1033,11.6714,READY | CRUISE_DIRECTION_MODE,1421.0
2026-02-03T15:57:45.112580+00:00,1035,11.6700,READY | CRUISE_DIRECTION_MODE,1421.0
2026-02-03T15:57:45.312580+00:00,1037,11.6800,READY | CRUISE_DIRECTION_MODE,1418.0
2026-02-03T15:57:45.512580+00:00,1039,11.6850,READY | CRUISE_DIRECTION_MODE,1418.0
2026-02-03T15:57:45.712580+00:00,1041,11.6748,READY | CRUISE_DIRECTION_MODE,1399.0
2026-02-03T15:57:45.912580+00:00,1043,11.6756,READY | CRUISE_DIRECTION_MODE,1401.0
2026-02-03T15:57:46.112580+00:00,1045,11.6594,READY | CRUISE_DIRECTION_MODE,1401.0
2026-02-03T15:57:46.312580+00:00,1047,11.6480,READY | CRUISE_DIRECTION_MODE,1403.0
2026-02-03T15:57:46.512580+00:00,1049,11.6378,READY | CRUISE_DIRECTION_MODE,1402.0
2026-02-03T15:57:46.712580+00:00,1051,11.6270,READY | CRUISE_DIRECTION_MODE,1399.0
2026-02-03T15:57:46.912580+00:00,1053,11.6040,READY | CRUISE_DIRECTION_MODE,1399.0
2026-02-03T15:57:47.112580+00:00,1055,11.5822,READY | CRUISE_DIRECTION_MODE,1400.0
2026-02-03T15:57:47.312580+00:00,1057,11.5578,READY | CRUISE_DIRECTION_MODE,1398.0
2026-02-03T15:57:47.512580+00:00,1059,11.5660,READY | CRUISE_DIRECTION_MODE,1398.0
2026-02-03T15:57:47.712580+00:00,1061,11.5742,READY | CRUISE_DIRECTION_MODE,1398.0
2026-02-03T15:57:47.912580+00:00,1063,11.5764,READY | CRUISE_DIRECTION_MODE,1399.0
2026-02-03T15:57:48.112580+00:00,1065,11.5652,READY | CRUISE_DIRECTION_MODE,1399.0
2026-02-03T15:57:48.312580+00:00,1067,11.5426,READY | CRUISE_DIRECTION_MODE,1399.0
2026-02-03T15:57:48.512580+00:00,1069,11.5168,READY | CRUISE_DIRECTION_MODE,1399.0
2026-02-03T15:57:48.712580+00:00,1071,11.4760,READY | CRUISE_DIRECTION_MODE,1401.0
2026-02-03T15:57:48.912580+00:00,1073,11.4230,READY | CRUISE_DIRECTION_MODE,1401.0
2026-02-03T15:57:49.112580+00:00,1075,11.4254,READY | CRUISE_DIRECTION_MODE,1401.0
2026-02-03T15:57:49.312580+00:00,1077,11.4326,READY | CRUISE_DIRECTION_MODE,1399.0
2026-02-03T15:57:49.512580+00:00,1079,11.4072,READY | CRUISE_DIRECTION_MODE,1398.0
2026-02-03T15:57:49.712580+00:00,1081,11.3638,READY | CRUISE_DIRECTION_MODE,1398.0
2026-02-03T15:57:49.912580+00:00,1083,11.3314,READY | CRUISE_DIRECTION_MODE,1387.0
2026-02-03T15:57:50.112580+00:00,1085,11.2926,READY | CRUISE_DIRECTION_MODE,1387.0
2026-02-03T15:57:50.312580+00:00,1087,11.2584,READY | CRUISE_DIRECTION_MODE,1387.0
2026-02-03T15:57:50.512580+00:00,1089,11.2038,READY | CRUISE_DIRECTION_MODE,1388.0
2026-02-03T15:57:50.712580+00:00,1091,11.1550,READY | CRUISE_DIRECTION_MODE,1381.0
2026-02-03T15:57:50.912580+00:00,1093,11.0984,READY | CRUISE_DIRECTION_MODE,1381.0
2026-02-03T15:57:51.112580+00:00,1095,11.0432,READY | CRUISE_DIRECTION_MODE,1381.0
2026-02-03T15:57:51.312580+00:00,1097,10.9698,READY | CRUISE_DIRECTION_MODE,1388.0
2026-02-03T15:57:51.512580+00:00,1099,10.9266,READY | CRUISE_DIRECTION_MODE,1389.0
2026-02-03T15:57:51.712580+00:00,1101,10.8572,READY | CRUISE_DIRECTION_MODE,1389.0
2026-02-03T15:57:51.912580+00:00,1103,10.8024,READY | CRUISE_DIRECTION_MODE,1390.0
2026-02-03T15:57:52.112580+00:00,1105,10.7832,READY | CRUISE_DIRECTION_MODE,1387.0
2026-02-03T15:57:52.312580+00:00,1107,10.6948,READY | CRUISE_DIRECTION_MODE,1388.0
2026-02-03T15:57:52.512580+00:00,1109,10.6240,READY | CRUISE_DIRECTION_MODE,1388.0
2026-02-03T15:57:52.712580+00:00,1111,10.5530,READY | CRUISE_DIRECTION_MODE,1384.0
2026-02-03T15:57:52.912580+00:00,1113,10.4828,READY | CRUISE_DIRECTION_MODE,1384.0
2026-02-03T15:57:53.112580+00:00,1115,10.4124,READY | CRUISE_DIRECTION_MODE,1384.0
2026-02-03T15:57:53.312580+00:00,1117,10.3510,READY | CRUISE_DIRECTION_MODE,1384.0
2026-02-03T15:57:53.512580+00:00,1119,10.2750,READY | CRUISE_DIRECTION_MODE,1403.0
2026-02-03T15:57:53.712580+00:00,1121,10.2220,READY | CRUISE_DIRECTION_MODE,1404.0
2026-02-03T15:57:53.912580+00:00,1123,10.1820,READY | CRUISE_DIRECTION_MODE,1403.0
2026-02-03T15:57:54.112580+00:00,1125,10.0836,READY | CRUISE_DIRECTION_MODE,1404.0
2026-02-03T15:57:54.312580+00:00,1127,10.0470,READY | CRUISE_DIRECTION_MODE,1416.0
2026-02-03T15:57:54.512580+00:00,1129,9.9996,READY | CRUISE_DIRECTION_MODE,1416.0
2026-02-03T15:57:54.712580+00:00,1131,9.9592,READY | CRUISE_DIRECTION_MODE,1415.0
2026-02-03T15:57:54.912580+00:00,1133,9.8922,READY | CRUISE_DIRECTION_MODE,1416.0
2026-02-03T15:57:55.112580+00:00,1135,9.8034,READY | CRUISE_DIRECTION_MODE,1417.0
2026-02-03T15:57:55.312580+00:00,1137,9.7282,READY | CRUISE_DIRECTION_MODE,1418.0
2026-02-03T15:57:55.512580+00:00,1139,9.6960,READY | CRUISE_DIRECTION_MODE,1420.0
2026-02-03T15:57:55.712580+00:00,1141,9.6474,READY | CRUISE_DIRECTION_MODE,1407.0
2026-02-03T15:57:55.912580+00:00,1143,9.5222,READY | CRUISE_DIRECTION_MODE,1411.0
2026-02-03T15:57:56.112580+00:00,1145,9.4638,READY | CRUISE_DIRECTION_MODE,1413.0
2026-02-03T15:57:56.312580+00:00,1147,9.4110,READY | CRUISE_DIRECTION_MODE,1420.0
2026-02-03T15:57:56.512580+00:00,1149,9.3618,READY | CRUISE_DIRECTION_MODE,1420.0
2026-02-03T15:57:56.712580+00:00,1151,9.3266,READY | CRUISE_DIRECTION_MODE,1421.0
2026-02-03T15:57:56.912580+00:00,1153,9.2774,READY | CRUISE_DIRECTION_MODE,1420.0
2026-02-03T15:57:57.112580+00:00,1155,9.2236,READY | CRUISE_DIRECTION_MODE,1421.0
2026-02-03T15:57:57.312580+00:00,1157,9.1654,READY | CRUISE_DIRECTION_MODE,1421.0
2026-02-03T15:57:57.512580+00:00,1159,9.1136,READY | CRUISE_DIRECTION_MODE,1422.0
2026-02-03T15:57:57.712580+00:00,1161,9.0730,READY | CRUISE_DIRECTION_MODE,1426.0
2026-02-03T15:57:57.912580+00:00,1163,9.0270,READY | CRUISE_DIRECTION_MODE,1427.0
2026-02-03T15:57:58.112580+00:00,1165,8.9952,READY | CRUISE_DIRECTION_MODE,1427.0
2026-02-03T15:57:58.312580+00:00,1167,8.9382,READY | CRUISE_DIRECTION_MODE,1457.0
2026-02-03T15:57:58.512580+00:00,1169,8.8868,READY | CRUISE_DIRECTION_MODE,1470.0
2026-02-03T15:57:58.712580+00:00,1171,8.8524,READY | CRUISE_DIRECTION_MODE,1470.0
2026-02-03T15:57:58.912580+00:00,1173,8.8200,READY | CRUISE_DIRECTION_MODE,1470.0
2026-02-03T15:57:59.112580+00:00,1175,8.8002,READY | CRUISE_DIRECTION_MODE,1476.0
2026-02-03T15:57:59.312580+00:00,1177,8.7560,READY | CRUISE_DIRECTION_MODE,1478.0
2026-02-03T15:57:59.512580+00:00,1179,8.7282,READY | CRUISE_DIRECTION_MODE,1478.0
2026-02-03T15:57:59.712580+00:00,1181,8.7108,READY | CRUISE_DIRECTION_MODE,1482.0
2026-02-03T15:57:59.912580+00:00,1183,8.6928,READY | CRUISE_DIRECTION_MODE,1482.0
2026-02-03T15:58:00.112580+00:00,1185,8.6776,READY | CRUISE_DIRECTION_MODE,1485.0
2026-02-03T15:58:00.312580+00:00,1187,8.6546,READY | CRUISE_DIRECTION_MODE,1486.0
2026-02-03T15:58:00.512580+00:00,1189,8.6404,READY | CRUISE_DIRECTION_MODE,1482.0
2026-02-03T15:58:00.712580+00:00,1191,8.6318,READY | CRUISE_DIRECTION_MODE,1483.0
2026-02-03T15:58:00.912580+00:00,1193,8.6138,READY | CRUISE_DIRECTION_MODE,1482.0
2026-02-03T15:58:01.112580+00:00,1195,8.5686,READY | CRUISE_DIRECTION_MODE,1487.0
2026-02-03T15:58:01.312580+00:00,1197,8.5502,READY | CRUISE_DIRECTION_MODE,1486.0
2026-02-03T15:58:01.512580+00:00,1199,8.5260,READY | CRUISE_DIRECTION_MODE,1488.0
2026-02-03T15:58:01.712580+00:00,1201,8.4920,READY | CRUISE_DIRECTION_MODE,1489.0
2026-02-03T15:58:01.912580+00:00,1203,8.4540,READY | CRUISE_DIRECTION_MODE,1489.0
2026-02-03T15:58:02.112580+00:00,1205,8.4370,READY | CRUISE_DIRECTION_MODE,1491.0
2026-02-03T15:58:02.312580+00:00,1207,8.4016,READY | CRUISE_DIRECTION_MODE,1490.0
2026-02-03T15:58:02.512580+00:00,1209,8.4120,READY | CRUISE_DIRECTION_MODE,1490.0
2026-02-03T15:58:02.712580+00:00,1211,8.4002,READY | CRUISE_DIRECTION_MODE,1486.0
2026-02-03T15:58:02.912580+00:00,1213,8.3792,READY | CRUISE_DIRECTION_MODE,1486.0
2026-02-03T15:58:03.112580+00:00,1215,8.3414,READY | CRUISE_DIRECTION_MODE,1492.0
2026-02-03T15:58:03.312580+00:00,1217,8.3056,READY | CRUISE_DIRECTION_MODE,1489.0
2026-02-03T15:58:03.512580+00:00,1219,8.2704,READY | CRUISE_DIRECTION_MODE,1490.0
2026-02-03T15:58:03.712580+00:00,1221,8.2376,READY | CRUISE_DIRECTION_MODE,1495.0
2026-02-03T15:58:03.912580+00:00,1223,8.2140,READY | CRUISE_DIRECTION_MODE,1500.0
2026-02-03T15:58:04.112580+00:00,1225,8.1868,READY | CRUISE_DIRECTION_MODE,1507.0
2026-02-03T15:58:04.312580+00:00,1227,8.1846,READY | CRUISE_DIRECTION_MODE,1510.0
2026-02-03T15:58:04.512580+00:00,1229,8.1726,READY | CRUISE_DIRECTION_MODE,1509.0
2026-02-03T15:58:04.712580+00:00,1231,8.1542,READY | CRUISE_DIRECTION_MODE,1506.0
2026-02-03T15:58:04.912580+00:00,1233,8.1474,READY | CRUISE_DIRECTION_MODE,1506.0
2026-02-03T15:58:05.112580+00:00,1235,8.1284,READY | CRUISE_DIRECTION_MODE,1507.0
2026-02-03T15:58:05.312580+00:00,1237,8.1210,READY | CRUISE_DIRECTION_MODE,1507.0
2026-02-03T15:58:05.512580+00:00,1239,8.1034,READY | CRUISE_DIRECTION_MODE,1506.0
2026-02-03T15:58:05.712580+00:00,1241,8.0886,READY | CRUISE_DIRECTION_MODE,1506.0
2026-02-03T15:58:05.912580+00:00,1243,8.0766,READY | CRUISE_DIRECTION_MODE,1508.0
2026-02-03T15:58:06.112580+00:00,1245,8.0728,READY | CRUISE_DIRECTION_MODE,1509.0
2026-02-03T15:58:06.312580+00:00,1247,8.0686,READY | CRUISE_DIRECTION_MODE,1510.0
2026-02-03T15:58:06.512580+00:00,1249,8.0588,READY | CRUISE_DIRECTION_MODE,1510.0
2026-02-03T15:58:06.712580+00:00,1251,8.0440,READY | CRUISE_DIRECTION_MODE,1511.0
2026-02-03T15:58:06.912580+00:00,1253,8.0420,READY | CRUISE_DIRECTION_MODE,1510.0
2026-02-03T15:58:07.112580+00:00,1255,8.0510,READY | CRUISE_DIRECTION_MODE,1509.0
2026-02-03T15:58:07.312580+00:00,1257,8.0536,READY | CRUISE_DIRECTION_MODE,1511.0
2026-02-03T15:58:07.512580+00:00,1259,8.0674,READY | CRUISE_DIRECTION_MODE,1503.0
2026-02-03T15:58:07.712580+00:00,1261,8.1046,READY | CRUISE_DIRECTION_MODE,1502.0
2026-02-03T15:58:07.912580+00:00,1263,8.1402,READY | CRUISE_DIRECTION_MODE,1499.0
2026-02-03T15:58:08.112580+00:00,1265,8.1692,READY | CRUISE_DIRECTION_MODE,1499.0
2026-02-03T15:58:08.312580+00:00,1267,8.2050,READY | CRUISE_DIRECTION_MODE,1497.0
2026-02-03T15:58:08.512580+00:00,1269,8.2304,READY | CRUISE_DIRECTION_MODE,1496.0
2026-02-03T15:58:08.712580+00:00,1271,8.2534,READY | CRUISE_DIRECTION_MODE,1491.0
2026-02-03T15:58:08.912580+00:00,1273,8.2454,READY | CRUISE_DIRECTION_MODE,1483.0
2026-02-03T15:58:09.112580+00:00,1275,8.2408,READY | CRUISE_DIRECTION_MODE,1484.0
2026-02-03T15:58:09.312580+00:00,1277,8.2402,READY | CRUISE_DIRECTION_MODE,1481.0
2026-02-03T15:58:09.512580+00:00,1279,8.2374,READY | CRUISE_DIRECTION_MODE,1484.0
2026-02-03T15:58:09.712580+00:00,1281,8.2426,READY | CRUISE_DIRECTION_MODE,1487.0
2026-02-03T15:58:09.912580+00:00,1283,8.2450,READY | CRUISE_DIRECTION_MODE,1486.0
2026-02-03T15:58:10.112580+00:00,1285,8.2532,READY | CRUISE_DIRECTION_MODE,1487.0
2026-02-03T15:58:10.312580+00:00,1287,8.2674,READY | CRUISE_DIRECTION_MODE,1484.0
2026-02-03T15:58:10.512580+00:00,1289,8.2762,READY | CRUISE_DIRECTION_MODE,1484.0
2026-02-03T15:58:10.712580+00:00,1291,8.2950,READY | CRUISE_DIRECTION_MODE,1482.0
2026-02-03T15:58:10.912580+00:00,1293,8.3088,READY | CRUISE_DIRECTION_MODE,1484.0
2026-02-03T15:58:11.112580+00:00,1295,8.3174,READY | CRUISE_DIRECTION_MODE,1483.0
2026-02-03T15:58:11.312580+00:00,1297,8.3344,READY | CRUISE_DIRECTION_MODE,1483.0
2026-02-03T15:58:11.512580+00:00,1299,8.3408,READY | CRUISE_DIRECTION_MODE,1483.0
2026-02-03T15:58:11.712580+00:00,1301,8.3522,READY | CRUISE_DIRECTION_MODE,1485.0
2026-02-03T15:58:11.912580+00:00,1303,8.3640,READY | CRUISE_DIRECTION_MODE,1485.0
2026-02-03T15:58:12.112580+00:00,1305,8.3728,READY | CRUISE_DIRECTION_MODE,1485.0
2026-02-03T15:58:12.312580+00:00,1307,8.3788,READY | CRUISE_DIRECTION_MODE,1483.0
2026-02-03T15:58:12.512580+00:00,1309,8.3932,READY | CRUISE_DIRECTION_MODE,1487.0
2026-02-03T15:58:12.712580+00:00,1311,8.4140,READY | CRUISE_DIRECTION_MODE,1487.0
2026-02-03T15:58:12.912580+00:00,1313,8.4380,READY | CRUISE_DIRECTION_MODE,1484.0
2026-02-03T15:58:13.112580+00:00,1315,8.4712,READY | CRUISE_DIRECTION_MODE,1494.0
2026-02-03T15:58:13.312580+00:00,1317,8.4970,READY | CRUISE_DIRECTION_MODE,1493.0
2026-02-03T15:58:13.512580+00:00,1319,8.5224,READY | CRUISE_DIRECTION_MODE,1492.0
2026-02-03T15:58:13.712580+00:00,1321,8.5508,READY | CRUISE_DIRECTION_MODE,1489.0
2026-02-03T15:58:13.912580+00:00,1323,8.5754,READY | CRUISE_DIRECTION_MODE,1493.0
2026-02-03T15:58:14.112580+00:00,1325,8.5874,READY | CRUISE_DIRECTION_MODE,1493.0
2026-02-03T15:58:14.312580+00:00,1327,8.6084,READY | CRUISE_DIRECTION_MODE,1489.0
2026-02-03T15:58:14.512580+00:00,1329,8.6472,READY | CRUISE_DIRECTION_MODE,1492.0
2026-02-03T15:58:14.712580+00:00,1331,8.6766,READY | CRUISE_DIRECTION_MODE,1490.0
2026-02-03T15:58:14.912580+00:00,1333,8.7076,READY | CRUISE_DIRECTION_MODE,1489.0
2026-02-03T15:58:15.112580+00:00,1335,8.7394,READY | CRUISE_DIRECTION_MODE,1484.0
2026-02-03T15:58:15.312580+00:00,1337,8.7692,READY | CRUISE_DIRECTION_MODE,1481.0
2026-02-03T15:58:15.512580+00:00,1339,8.7874,READY | CRUISE_DIRECTION_MODE,1478.0
2026-02-03T15:58:15.712580+00:00,1341,8.8142,READY | CRUISE_DIRECTION_MODE,1476.0
2026-02-03T15:58:15.912580+00:00,1343,8.8314,READY | CRUISE_DIRECTION_MODE,1482.0
2026-02-03T15:58:16.112580+00:00,1345,8.8406,READY | CRUISE_DIRECTION_MODE,1481.0
2026-02-03T15:58:16.312580+00:00,1347,8.8586,READY | CRUISE_DIRECTION_MODE,1480.0
2026-02-03T15:58:16.512580+00:00,1349,8.8812,READY | CRUISE_DIRECTION_MODE,1476.0
2026-02-03T15:58:16.712580+00:00,1351,8.9140,READY | CRUISE_DIRECTION_MODE,1480.0
2026-02-03T15:58:16.912580+00:00,1353,8.9320,READY | CRUISE_DIRECTION_MODE,1480.0
2026-02-03T15:58:17.112580+00:00,1355,8.9586,READY | CRUISE_DIRECTION_MODE,1478.0
2026-02-03T15:58:17.312580+00:00,1357,8.9930,READY | CRUISE_DIRECTION_MODE,1473.0
2026-02-03T15:58:17.512580+00:00,1359,9.0176,READY | CRUISE_DIRECTION_MODE,1464.0
2026-02-03T15:58:17.712580+00:00,1361,9.0378,READY | CRUISE_DIRECTION_MODE,1464.0
2026-02-03T15:58:17.912580+00:00,1363,9.0396,READY | CRUISE_DIRECTION_MODE,1471.0
2026-02-03T15:58:18.112580+00:00,1365,9.0576,READY | CRUISE_DIRECTION_MODE,1471.0
2026-02-03T15:58:18.312580+00:00,1367,9.0866,READY | CRUISE_DIRECTION_MODE,1471.0
2026-02-03T15:58:18.512580+00:00,1369,9.1016,READY | CRUISE_DIRECTION_MODE,1468.0
2026-02-03T15:58:18.712580+00:00,1371,9.0750,READY | CRUISE_DIRECTION_MODE,1433.0
2026-02-03T15:58:18.912580+00:00,1373,9.0848,READY | CRUISE_DIRECTION_MODE,1434.0
2026-02-03T15:58:19.112580+00:00,1375,9.0380,READY | CRUISE_DIRECTION_MODE,1437.0
2026-02-03T15:58:19.312580+00:00,1377,9.0442,READY | CRUISE_DIRECTION_MODE,1434.0
2026-02-03T15:58:19.512580+00:00,1379,9.0758,READY | CRUISE_DIRECTION_MODE,1433.0
2026-02-03T15:58:19.712580+00:00,1381,8.9962,READY | CRUISE_DIRECTION_MODE,1433.0
2026-02-03T15:58:19.912580+00:00,1383,9.0716,READY | CRUISE_DIRECTION_MODE,1434.0
2026-02-03T15:58:20.112580+00:00,1385,9.0842,READY | CRUISE_DIRECTION_MODE,1468.0
2026-02-03T15:58:20.312580+00:00,1387,9.0864,READY | CRUISE_DIRECTION_MODE,1465.0
2026-02-03T15:58:20.512580+00:00,1389,9.1050,READY | CRUISE_DIRECTION_MODE,1463.0
2026-02-03T15:58:20.712580+00:00,1391,9.1306,READY | CRUISE_DIRECTION_MODE,1465.0
2026-02-03T15:58:20.912580+00:00,1393,9.1462,READY | CRUISE_DIRECTION_MODE,1460.0
2026-02-03T15:58:21.112580+00:00,1395,9.1530,READY | CRUISE_DIRECTION_MODE,1460.0
2026-02-03T15:58:21.312580+00:00,1397,9.1650,READY | CRUISE_DIRECTION_MODE,1459.0
2026-02-03T15:58:21.512580+00:00,1399,9.1780,READY | CRUISE_DIRECTION_MODE,1466.0
2026-02-03T15:58:21.712580+00:00,1401,9.1812,READY | CRUISE_DIRECTION_MODE,1465.0
2026-02-03T15:58:21.912580+00:00,1403,9.1790,READY | CRUISE_DIRECTION_MODE,1468.0
2026-02-03T15:58:22.112580+00:00,1405,9.1628,READY | CRUISE_DIRECTION_MODE,1460.0
2026-02-03T15:58:22.312580+00:00,1407,9.1638,READY | CRUISE_DIRECTION_MODE,1464.0
2026-02-03T15:58:22.512580+00:00,1409,9.1642,READY | CRUISE_DIRECTION_MODE,1461.0
2026-02-03T15:58:22.712580+00:00,1411,9.1582,READY | CRUISE_DIRECTION_MODE,1464.0
2026-02-03T15:58:22.912580+00:00,1413,9.1674,READY | CRUISE_DIRECTION_MODE,1450.0
2026-02-03T15:58:23.112580+00:00,1415,9.1812,READY | CRUISE_DIRECTION_MODE,1449.0
2026-02-03T15:58:23.312580+00:00,1417,9.1916,READY | CRUISE_DIRECTION_MODE,1448.0
2026-02-03T15:58:23.512580+00:00,1419,9.1796,READY | CRUISE_DIRECTION_MODE,1455.0
2026-02-03T15:58:23.712580+00:00,1421,9.1740,READY | CRUISE_DIRECTION_MODE,1455.0
2026-02-03T15:58:23.912580+00:00,1423,9.1708,READY | CRUISE_DIRECTION_MODE,1456.0
2026-02-03T15:58:24.112580+00:00,1425,9.1566,READY | CRUISE_DIRECTION_MODE,1458.0
2026-02-03T15:58:24.312580+00:00,1427,9.1492,READY | CRUISE_DIRECTION_MODE,1457.0
2026-02-03T15:58:24.512580+00:00,1429,9.1322,READY | CRUISE_DIRECTION_MODE,1463.0
2026-02-03T15:58:24.712580+00:00,1431,9.1260,READY | CRUISE_DIRECTION_MODE,1463.0
2026-02-03T15:58:24.912580+00:00,1433,9.1244,READY | CRUISE_DIRECTION_MODE,1464.0
2026-02-03T15:58:25.112580+00:00,1435,9.1072,READY | CRUISE_DIRECTION_MODE,1448.0
2026-02-03T15:58:25.312580+00:00,1437,9.1034,READY | CRUISE_DIRECTION_MODE,1446.0
2026-02-03T15:58:25.512580+00:00,1439,9.0698,READY | CRUISE_DIRECTION_MODE,1452.0
2026-02-03T15:58:25.712580+00:00,1441,9.0608,READY | CRUISE_DIRECTION_MODE,1531.0
2026-02-03T15:58:25.912580+00:00,1443,9.0590,READY | CRUISE_DIRECTION_MODE,1533.0
2026-02-03T15:58:26.112580+00:00,1445,9.0696,READY | CRUISE_DIRECTION_MODE,1534.0
2026-02-03T15:58:26.312580+00:00,1447,9.1080,READY | CRUISE_DIRECTION_MODE,1537.0
2026-02-03T15:58:26.512580+00:00,1449,9.1302,READY | CRUISE_DIRECTION_MODE,1535.0
2026-02-03T15:58:26.712580+00:00,1451,9.1596,READY | CRUISE_DIRECTION_MODE,1535.0
2026-02-03T15:58:26.912580+00:00,1453,9.1640,READY | CRUISE_DIRECTION_MODE,1535.0
2026-02-03T15:58:27.112580+00:00,1455,9.1822,READY | CRUISE_DIRECTION_MODE,1532.0
2026-02-03T15:58:27.312580+00:00,1457,9.1916,READY | CRUISE_DIRECTION_MODE,1532.0
2026-02-03T15:58:27.512580+00:00,1459,9.2022,READY | CRUISE_DIRECTION_MODE,1532.0
2026-02-03T15:58:27.712580+00:00,1461,9.2260,READY | CRUISE_DIRECTION_MODE,1529.0
2026-02-03T15:58:27.912580+00:00,1463,9.2296,READY | CRUISE_DIRECTION_MODE,1532.0
2026-02-03T15:58:28.112580+00:00,1465,9.2430,READY | CRUISE_DIRECTION_MODE,1533.0
2026-02-03T15:58:28.312580+00:00,1467,9.2624,READY | CRUISE_DIRECTION_MODE,1533.0
2026-02-03T15:58:28.512580+00:00,1469,9.2764,READY | CRUISE_DIRECTION_MODE,1536.0
2026-02-03T15:58:28.712580+00:00,1471,9.2786,READY | CRUISE_DIRECTION_MODE,1535.0
2026-02-03T15:58:28.912580+00:00,1473,9.3008,READY | CRUISE_DIRECTION_MODE,1535.0
2026-02-03T15:58:29.112580+00:00,1475,9.3166,READY | CRUISE_DIRECTION_MODE,1535.0
2026-02-03T15:58:29.312580+00:00,1477,9.3426,READY | CRUISE_DIRECTION_MODE,1536.0
2026-02-03T15:58:29.512580+00:00,1479,9.3298,READY | CRUISE_DIRECTION_MODE,1537.0
2026-02-03T15:58:29.712580+00:00,1481,9.3456,READY | CRUISE_DIRECTION_MODE,1537.0
2026-02-03T15:58:29.912580+00:00,1483,9.3678,READY | CRUISE_DIRECTION_MODE,1536.0
2026-02-03T15:58:30.112580+00:00,1485,9.3978,READY | CRUISE_DIRECTION_MODE,1542.0
2026-02-03T15:58:30.312580+00:00,1487,9.3772,READY | CRUISE_DIRECTION_MODE,1544.0
2026-02-03T15:58:30.512580+00:00,1489,9.4558,READY | CRUISE_DIRECTION_MODE,1554.0
2026-02-03T15:58:30.712580+00:00,1491,9.5228,READY | CRUISE_DIRECTION_MODE,1535.0
2026-02-03T15:58:30.912580+00:00,1493,9.5876,READY | CRUISE_DIRECTION_MODE,1514.0
2026-02-03T15:58:31.112580+00:00,1495,9.6292,READY | CRUISE_DIRECTION_MODE,1491.0
2026-02-03T15:58:31.312580+00:00,1497,9.6590,READY | CRUISE_DIRECTION_MODE,1482.0
2026-02-03T15:58:31.512580+00:00,1499,9.6890,READY | CRUISE_DIRECTION_MODE,1478.0
2026-02-03T15:58:31.712580+00:00,1501,9.0288,READY | CRUISE_DIRECTION_MODE,1518.0
2026-02-03T15:58:31.912580+00:00,1503,8.9788,READY | CRUISE_DIRECTION_MODE,1581.0
2026-02-03T15:58:32.112580+00:00,1505,8.9498,READY | CRUISE_DIRECTION_MODE,1550.0
2026-02-03T15:58:32.312580+00:00,1507,9.2250,READY | CRUISE_DIRECTION_MODE,1567.0
2026-02-03T15:58:32.512580+00:00,1509,9.1448,READY | CRUISE_DIRECTION_MODE,1570.0
2026-02-03T15:58:32.712580+00:00,1511,9.0686,READY | CRUISE_DIRECTION_MODE,1566.0
2026-02-03T15:58:32.912580+00:00,1513,8.9294,READY | CRUISE_DIRECTION_MODE,1567.0
2026-02-03T15:58:33.112580+00:00,1515,8.7852,READY | CRUISE_DIRECTION_MODE,1560.0
2026-02-03T15:58:33.312580+00:00,1517,8.6614,READY | CRUISE_DIRECTION_MODE,1561.0
2026-02-03T15:58:33.512580+00:00,1519,8.4940,READY | CRUISE_DIRECTION_MODE,1559.0
2026-02-03T15:58:33.712580+00:00,1521,8.5828,READY | CRUISE_DIRECTION_MODE,1556.0
2026-02-03T15:58:33.912580+00:00,1523,8.5098,READY | CRUISE_DIRECTION_MODE,1558.0
2026-02-03T15:58:34.112580+00:00,1525,8.3990,READY | CRUISE_DIRECTION_MODE,1574.0
2026-02-03T15:58:34.312580+00:00,1527,8.2912,READY | CRUISE_DIRECTION_MODE,1568.0
2026-02-03T15:58:34.512580+00:00,1529,7.9102,READY | CRUISE_DIRECTION_MODE,1566.0
2026-02-03T15:58:34.712580+00:00,1531,7.7610,READY | CRUISE_DIRECTION_MODE,1554.0
2026-02-03T15:58:34.912580+00:00,1533,7.7034,READY | CRUISE_DIRECTION_MODE,1574.0
2026-02-03T15:58:35.112580+00:00,1535,7.7004,READY | CRUISE_DIRECTION_MODE,1576.0
2026-02-03T15:58:35.312580+00:00,1537,7.5122,READY | CRUISE_DIRECTION_MODE,1576.0
2026-02-03T15:58:35.512580+00:00,1539,7.3860,READY | CRUISE_DIRECTION_MODE,1592.0
2026-02-03T15:58:35.712580+00:00,1541,7.2290,READY | CRUISE_DIRECTION_MODE,1592.0
2026-02-03T15:58:35.912580+00:00,1543,7.0842,READY | CRUISE_DIRECTION_MODE,1591.0
2026-02-03T15:58:36.112580+00:00,1545,6.9276,READY | CRUISE_DIRECTION_MODE,1554.0
2026-02-03T15:58:36.312580+00:00,1547,6.7620,READY | CRUISE_DIRECTION_MODE,1551.0
2026-02-03T15:58:36.512580+00:00,1549,6.5852,READY | CRUISE_DIRECTION_MODE,1548.0
2026-02-03T15:58:36.712580+00:00,1551,6.4080,READY | CRUISE_DIRECTION_MODE,1547.0
2026-02-03T15:58:36.912580+00:00,1553,6.2314,READY | CRUISE_DIRECTION_MODE,1512.0
2026-02-03T15:58:37.112580+00:00,1555,6.0562,READY | CRUISE_DIRECTION_MODE,1514.0
2026-02-03T15:58:37.312580+00:00,1557,5.8774,READY | CRUISE_DIRECTION_MODE,1516.0
2026-02-03T15:58:37.512580+00:00,1559,5.6932,READY | CRUISE_DIRECTION_MODE,1515.0
2026-02-03T15:58:37.712580+00:00,1561,5.4744,READY | CRUISE_DIRECTION_MODE,1497.0
2026-02-03T15:58:37.912580+00:00,1563,5.2238,READY | CRUISE_DIRECTION_MODE,1500.0
2026-02-03T15:58:38.112580+00:00,1565,4.9928,READY | CRUISE_DIRECTION_MODE,1504.0
2026-02-03T15:58:38.312580+00:00,1567,4.8472,READY | CRUISE_DIRECTION_MODE,1491.0
2026-02-03T15:58:38.512580+00:00,1569,4.6878,READY | CRUISE_DIRECTION_MODE,1488.0
2026-02-03T15:58:38.712580+00:00,1571,4.5076,READY | CRUISE_DIRECTION_MODE,1489.0
2026-02-03T15:58:38.912580+00:00,1573,4.3194,READY | CRUISE_DIRECTION_MODE,1490.0
2026-02-03T15:58:39.112580+00:00,1575,4.1330,READY | CRUISE_DIRECTION_MODE,1488.0
2026-02-03T15:58:39.312580+00:00,1577,3.9472,READY | CRUISE_DIRECTION_MODE,1488.0
2026-02-03T15:58:39.512580+00:00,1579,3.7562,READY | CRUISE_DIRECTION_MODE,1488.0
2026-02-03T15:58:39.712580+00:00,1581,3.5398,READY | CRUISE_DIRECTION_MODE,1491.0
2026-02-03T15:58:39.912580+00:00,1583,3.3242,READY | CRUISE_DIRECTION_MODE,1491.0
2026-02-03T15:58:40.112580+00:00,1585,3.1090,READY | CRUISE_DIRECTION_MODE,1491.0
2026-02-03T15:58:40.312580+00:00,1587,2.8630,READY | CRUISE_DIRECTION_MODE,1548.0
2026-02-03T15:58:40.512580+00:00,1589,2.6822,READY | CRUISE_DIRECTION_MODE,1529.0
2026-02-03T15:58:40.712580+00:00,1591,2.4254,READY | CRUISE_DIRECTION_MODE,1533.0
2026-02-03T15:58:40.912580+00:00,1593,2.1992,READY | CRUISE_DIRECTION_MODE,1532.0
2026-02-03T15:58:41.112580+00:00,1595,1.9832,READY | CRUISE_DIRECTION_MODE,1558.0
2026-02-03T15:58:41.312580+00:00,1597,1.6762,READY | CRUISE_DIRECTION_MODE,1567.0
2026-02-03T15:58:41.512580+00:00,1599,1.3758,READY | CRUISE_DIRECTION_MODE,1564.0
2026-02-03T15:58:41.712580+00:00,1601,1.1708,READY | CRUISE_DIRECTION_MODE,1564.0
2026-02-03T15:58:41.912580+00:00,1603,0.9848,READY | CRUISE_DIRECTION_MODE,1591.0
2026-02-03T15:58:42.112580+00:00,1605,0.8022,READY | CRUISE_DIRECTION_MODE,1591.0
2026-02-03T15:58:42.312580+00:00,1607,0.6032,READY | CRUISE_DIRECTION_MODE,1586.0
2026-02-03T15:58:42.512580+00:00,1609,0.3886,READY | CRUISE_DIRECTION_MODE,1562.0
2026-02-03T15:58:42.712580+00:00,1611,0.1742,READY | CRUISE_DIRECTION_MODE,1580.0
2026-02-03T15:58:42.912580+00:00,1613,0.0584,READY | CRUISE_DIRECTION_MODE,1614.0
2026-02-03T15:58:43.112580+00:00,1615,0.1258,READY | CRUISE_DIRECTION_MODE,1581.0
2026-02-03T15:58:43.312580+00:00,1617,0.2486,READY | CRUISE_DIRECTION_MODE,1520.0
2026-02-03T15:58:43.512580+00:00,1619,1.8066,READY | CRUISE_DIRECTION_MODE,1524.0
2026-02-03T15:58:43.712580+00:00,1621,1.8066,READY | CRUISE_DIRECTION_MODE,1526.0
2026-02-03T15:58:43.912580+00:00,1623,1.8066,READY | CRUISE_DIRECTION_MODE,1371.0
2026-02-03T15:58:44.112580+00:00,1625,1.8066,READY | CRUISE_DIRECTION_MODE,1385.0
2026-02-03T15:58:44.312580+00:00,1627,1.8066,READY | CRUISE_DIRECTION_MODE,1401.0
2026-02-03T15:58:44.512580+00:00,1629,1.8066,READY | CRUISE_DIRECTION_MODE,1421.0
2026-02-03T15:58:44.712580+00:00,1631,1.8066,READY | CRUISE_DIRECTION_MODE,1438.0
2026-02-03T15:58:44.912580+00:00,1633,1.8066,READY | CRUISE_DIRECTION_MODE,1441.0
2026-02-03T15:58:45.112580+00:00,1635,1.8066,READY | CRUISE_DIRECTION_MODE,1437.0
2026-02-03T15:58:45.312580+00:00,1637,1.8066,READY | CRUISE_DIRECTION_MODE,1463.0
2026-02-03T15:58:45.512580+00:00,1639,1.8066,READY | CRUISE_DIRECTION_MODE,1467.0
2026-02-03T15:58:45.712580+00:00,1641,1.8066,READY | CRUISE_DIRECTION_MODE,1469.0
2026-02-03T15:58:45.912580+00:00,1643,1.8066,READY | CRUISE_DIRECTION_MODE,1473.0
2026-02-03T15:58:46.112580+00:00,1645,1.8066,READY | CRUISE_DIRECTION_MODE,1471.0
2026-02-03T15:58:46.312580+00:00,1647,1.8066,READY | CRUISE_DIRECTION_MODE,1471.0
2026-02-03T15:58:46.512580+00:00,1649,1.8066,READY | CRUISE_DIRECTION_MODE,1471.0
2026-02-03T15:58:46.712580+00:00,1651,1.8066,READY | CRUISE_DIRECTION_MODE,1473.0
2026-02-03T15:58:46.912580+00:00,1653,1.8066,READY | CRUISE_DIRECTION_MODE,1473.0
2026-02-03T15:58:47.112580+00:00,1655,1.8066,READY | CRUISE_DIRECTION_MODE,1473.0
2026-02-03T15:58:47.312580+00:00,1657,1.8066,READY | CRUISE_DIRECTION_MODE,1476.0
2026-02-03T15:58:47.512580+00:00,1659,1.8066,READY | CRUISE_DIRECTION_MODE,1480.0
2026-02-03T15:58:47.712580+00:00,1661,1.8066,READY | CRUISE_DIRECTION_MODE,1480.0
2026-02-03T15:58:47.912580+00:00,1663,1.8066,READY | CRUISE_DIRECTION_MODE,1482.0
2026-02-03T15:58:48.112580+00:00,1665,1.8066,READY | CRUISE_DIRECTION_MODE,1410.0
2026-02-03T15:58:48.312580+00:00,1667,1.8066,READY | CRUISE_DIRECTION_MODE,1412.0
2026-02-03T15:58:48.512580+00:00,1669,1.8066,READY | CRUISE_DIRECTION_MODE,1412.0
2026-02-03T15:58:48.712580+00:00,1671,1.8066,READY | CRUISE_DIRECTION_MODE,1418.0
2026-02-03T15:58:48.912580+00:00,1673,1.8066,READY | CRUISE_DIRECTION_MODE,1437.0
2026-02-03T15:58:49.112580+00:00,1675,1.8066,READY | CRUISE_DIRECTION_MODE,1439.0
2026-02-03T15:58:49.312580+00:00,1677,1.8066,READY | CRUISE_DIRECTION_MODE,1436.0
2026-02-03T15:58:49.512580+00:00,1679,1.8066,READY | CRUISE_DIRECTION_MODE,1429.0
2026-02-03T15:58:49.712580+00:00,1681,1.8066,READY | CRUISE_DIRECTION_MODE,1430.0
2026-02-03T15:58:49.912580+00:00,1683,1.8066,READY | CRUISE_DIRECTION_MODE,1430.0
2026-02-03T15:58:50.112580+00:00,1685,1.8066,READY | CRUISE_DIRECTION_MODE,1435.0
2026-02-03T15:58:50.312580+00:00,1687,1.8066,READY | CRUISE_DIRECTION_MODE,1435.0
2026-02-03T15:58:50.512580+00:00,1689,1.8066,READY | CRUISE_DIRECTION_MODE,1435.0
2026-02-03T15:58:50.712580+00:00,1691,1.8066,READY | CRUISE_DIRECTION_MODE,1434.0
2026-02-03T15:58:50.912580+00:00,1693,1.8066,READY | CRUISE_DIRECTION_MODE,1473.0
2026-02-03T15:58:51.112580+00:00,1695,1.8066,READY | CRUISE_DIRECTION_MODE,1473.0
2026-02-03T15:58:51.312580+00:00,1697,1.8066,READY | CRUISE_DIRECTION_MODE,1480.0
2026-02-03T15:58:51.512580+00:00,1699,1.8066,READY | CRUISE_DIRECTION_MODE,1467.0
2026-02-03T15:58:51.712580+00:00,1701,1.8066,READY | CRUISE_DIRECTION_MODE,1468.0
2026-02-03T15:58:51.912580+00:00,1703,1.8066,READY | CRUISE_DIRECTION_MODE,1465.0
2026-02-03T15:58:52.112580+00:00,1705,1.8066,READY | CRUISE_DIRECTION_MODE,1466.0
2026-02-03T15:58:52.312580+00:00,1707,1.8066,READY | CRUISE_DIRECTION_MODE,1465.0
2026-02-03T15:58:52.512580+00:00,1709,1.8066,READY | CRUISE_DIRECTION_MODE,1464.0
2026-02-03T15:58:52.712580+00:00,1711,1.8066,READY | CRUISE_DIRECTION_MODE,1465.0
2026-02-03T15:58:52.912580+00:00,1713,1.8066,READY | CRUISE_DIRECTION_MODE,1421.0
2026-02-03T15:58:53.112580+00:00,1715,1.8066,READY | CRUISE_DIRECTION_MODE,1450.0
2026-02-03T15:58:53.312580+00:00,1717,1.8066,READY | CRUISE_DIRECTION_MODE,1449.0
2026-02-03T15:58:53.512580+00:00,1719,1.8066,READY | CRUISE_DIRECTION_MODE,1448.0
2026-02-03T15:58:53.712580+00:00,1721,1.8066,READY | CRUISE_DIRECTION_MODE,1449.0
2026-02-03T15:58:53.912580+00:00,1723,1.8066,READY | CRUISE_DIRECTION_MODE,1449.0
2026-02-03T15:58:54.112580+00:00,1725,1.8066,READY | CRUISE_DIRECTION_MODE,1448.0
2026-02-03T15:58:54.312580+00:00,1727,1.8066,READY | CRUISE_DIRECTION_MODE,1451.0
2026-02-03T15:58:54.512580+00:00,1729,1.8066,READY | CRUISE_DIRECTION_MODE,1451.0
